history_id,opportunity_id,stage,amount_usd,close_date,changed_date,changed_by
H00001,O0001,Discovery,145000,2026-05-31,2026-01-01,U015
H00002,O0001,Technical Validation,145000,2026-05-31,2026-01-15,U015
H00003,O0001,Business Case,145000,2026-05-31,2026-02-11,U015
H00004,O0001,Closed Lost,145000,2026-05-31,2026-05-31,U015
H00005,O0002,Discovery,134000,2026-12-14,2026-06-24,U002
H00006,O0002,Technical Validation,134000,2026-12-14,2026-07-25,U002
H00007,O0002,Technical Validation,134000,2027-01-13,2026-08-25,U002
H00008,O0002,Technical Validation,134000,2027-02-12,2026-08-25,U002
H00009,O0002,Closed Lost,134000,2026-10-07,2026-10-07,U002
H00010,O0003,Discovery,293000,2027-02-12,2026-09-16,U014
H00011,O0003,Discovery,293000,2027-03-14,2026-10-08,U014
H00012,O0004,Discovery,280000,2025-11-20,2025-06-20,U003
H00013,O0004,Technical Validation,280000,2025-11-20,2025-07-24,U003
H00014,O0004,Technical Validation,280000,2025-12-20,2025-08-15,U003
H00015,O0004,Closed Lost,280000,2025-12-20,2025-12-20,U003
H00016,O0005,Discovery,95000,2026-10-15,2026-05-01,U002
H00017,O0005,Technical Validation,95000,2026-10-15,2026-05-28,U002
H00018,O0005,POC,95000,2026-10-15,2026-07-03,U002
H00019,O0005,Business Case,95000,2026-10-15,2026-07-19,U002
H00020,O0005,Negotiation/Procurement,95000,2026-10-15,2026-08-19,U002
H00021,O0005,Closed Won,95000,2026-10-07,2026-10-07,U002
H00022,O0006,Discovery,31000,2026-05-28,2026-02-03,U014
H00023,O0006,Technical Validation,31000,2026-05-28,2026-03-13,U014
H00024,O0006,POC,31000,2026-05-28,2026-03-24,U014
H00025,O0006,Business Case,31000,2026-05-28,2026-04-30,U014
H00026,O0006,Negotiation/Procurement,31000,2026-05-28,2026-05-11,U014
H00027,O0006,Negotiation/Procurement,31000,2026-06-27,2026-06-24,U014
H00028,O0006,Closed Won,31000,2026-06-27,2026-06-27,U014
H00029,O0007,Discovery,92000,2027-05-23,2026-09-26,U015
H00030,O0007,Discovery,92000,2027-06-22,2026-10-08,U015
H00031,O0008,Discovery,163000,2026-07-18,2026-03-04,U003
H00032,O0008,Discovery,163000,2026-08-17,2026-03-21,U003
H00033,O0008,Discovery,163000,2026-09-16,2026-03-21,U003
H00034,O0008,Closed Lost,163000,2026-09-16,2026-09-16,U003
H00035,O0009,Discovery,57000,2026-06-18,2026-02-12,U003
H00036,O0009,Technical Validation,57000,2026-06-18,2026-03-13,U003
H00037,O0009,Business Case,57000,2026-06-18,2026-04-19,U003
H00038,O0009,Business Case,57000,2026-07-18,2026-05-25,U003
H00039,O0009,Business Case,57000,2026-08-17,2026-05-25,U003
H00040,O0009,Closed Won,57000,2026-08-17,2026-08-17,U003
H00041,O0010,Discovery,165000,2025-10-20,2025-06-08,U014
H00042,O0010,Closed Lost,165000,2025-10-20,2025-10-20,U014
H00043,O0011,Discovery,124000,2026-06-11,2026-01-19,U002
H00044,O0011,Discovery,124000,2026-07-11,2026-02-25,U002
H00045,O0011,Closed Lost,124000,2026-07-11,2026-07-11,U002
H00046,O0012,Discovery,150000,2026-03-28,2025-11-24,U009
H00047,O0012,Closed Lost,150000,2026-03-28,2026-03-28,U009
H00048,O0013,Discovery,105000,2026-01-06,2025-05-12,U003
H00049,O0013,Technical Validation,105000,2026-01-06,2025-06-03,U003
H00050,O0013,POC,105000,2026-01-06,2025-07-08,U003
H00051,O0013,Business Case,105000,2026-01-06,2025-07-28,U003
H00052,O0013,Negotiation/Procurement,105000,2026-01-06,2025-08-31,U003
H00053,O0013,Closed Won,105000,2026-01-06,2026-01-06,U003
H00054,O0014,Discovery,81000,2025-10-05,2025-06-10,U015
H00055,O0014,Technical Validation,81000,2025-10-05,2025-07-05,U015
H00056,O0014,Closed Lost,81000,2025-10-05,2025-10-05,U015
H00057,O0015,Discovery,35000,2026-05-08,2025-10-07,U002
H00058,O0015,Technical Validation,35000,2026-05-08,2025-11-14,U002
H00059,O0015,POC,35000,2026-05-08,2025-11-24,U002
H00060,O0015,Closed Lost,35000,2026-05-08,2026-05-08,U002
H00061,O0016,Discovery,175000,2026-07-01,2025-11-22,U015
H00062,O0016,Technical Validation,175000,2026-07-01,2025-12-19,U015
H00063,O0016,Closed Lost,175000,2026-07-01,2026-07-01,U015
H00064,O0017,Discovery,151000,2026-03-22,2025-11-01,U003
H00065,O0017,Technical Validation,151000,2026-03-22,2025-11-15,U003
H00066,O0017,POC,151000,2026-03-22,2025-11-25,U003
H00067,O0017,POC,151000,2026-04-21,2026-01-02,U003
H00068,O0017,Closed Lost,151000,2026-04-21,2026-04-21,U003
H00069,O0018,Discovery,60000,2026-06-23,2025-11-09,U009
H00070,O0018,Closed Lost,60000,2026-06-23,2026-06-23,U009
H00071,O0019,Discovery,67000,2026-02-06,2025-10-19,U002
H00072,O0019,Discovery,67000,2026-03-08,2025-11-05,U002
H00073,O0019,Closed Lost,67000,2026-03-08,2026-03-08,U002
H00074,O0020,Discovery,90000,2026-03-12,2025-12-04,U015
H00075,O0020,Technical Validation,90000,2026-03-12,2026-01-12,U015
H00076,O0020,POC,90000,2026-03-12,2026-02-22,U015
H00077,O0020,Closed Lost,90000,2026-03-12,2026-03-12,U015
H00078,O0020,Negotiation/Procurement,90000,2026-03-12,2026-03-13,U015
H00079,O0021,Discovery,90000,2026-07-17,2026-04-06,U003
H00080,O0021,Closed Lost,90000,2026-07-17,2026-07-17,U003
H00081,O0022,Discovery,140000,2026-07-26,2026-02-20,U002
H00082,O0022,Technical Validation,140000,2026-07-26,2026-03-15,U002
H00083,O0022,POC,140000,2026-07-26,2026-03-30,U002
H00084,O0022,POC,140000,2026-08-25,2026-05-06,U002
H00085,O0022,Closed Lost,140000,2026-08-25,2026-08-25,U002
H00086,O0023,Discovery,136000,2025-11-08,2025-07-28,U015
H00087,O0023,Technical Validation,136000,2025-11-08,2025-08-08,U015
H00088,O0023,Closed Lost,136000,2025-11-08,2025-11-08,U015
H00089,O0024,Discovery,73000,2027-01-25,2026-07-24,U003
H00090,O0024,Closed Lost,73000,2026-10-07,2026-10-07,U003
H00091,O0025,Discovery,180000,2026-05-23,2025-11-23,U002
H00092,O0025,Technical Validation,180000,2026-05-23,2026-01-02,U002
H00093,O0025,POC,180000,2026-05-23,2026-01-19,U002
H00094,O0025,POC,180000,2026-06-22,2026-02-19,U002
H00095,O0025,Closed Lost,180000,2026-06-22,2026-06-22,U002
H00096,O0026,Discovery,69000,2026-10-29,2026-06-03,U003
H00097,O0026,Technical Validation,69000,2026-10-29,2026-07-13,U003
H00098,O0026,POC,69000,2026-10-29,2026-08-01,U003
H00099,O0026,Business Case,69000,2026-10-29,2026-09-11,U003
H00100,O0027,Discovery,152000,2026-01-03,2025-09-08,U015
H00101,O0027,Closed Lost,152000,2026-01-03,2026-01-03,U015
H00102,O0028,Discovery,103000,2025-07-21,2025-04-01,U014
H00103,O0028,Technical Validation,103000,2025-07-21,2025-04-14,U014
H00104,O0028,POC,103000,2025-07-21,2025-04-29,U014
H00105,O0028,Business Case,103000,2025-07-21,2025-05-19,U014
H00106,O0028,Closed Won,103000,2025-07-21,2025-07-21,U014
H00107,O0029,Discovery,181000,2026-09-23,2026-04-04,U003
H00108,O0029,Technical Validation,181000,2026-09-23,2026-04-29,U003
H00109,O0029,POC,181000,2026-09-23,2026-05-29,U003
H00110,O0029,POC,181000,2026-10-23,2026-06-25,U003
H00111,O0029,POC,181000,2026-11-22,2026-06-25,U003
H00112,O0029,POC,181000,2026-12-22,2026-06-25,U003
H00113,O0029,Closed Lost,181000,2026-10-07,2026-10-07,U003
H00114,O0030,Discovery,118000,2025-10-05,2025-04-10,U002
H00115,O0030,Technical Validation,118000,2025-10-05,2025-05-20,U002
H00116,O0030,POC,118000,2025-10-05,2025-06-01,U002
H00117,O0030,Business Case,118000,2025-10-05,2025-07-14,U002
H00118,O0030,Business Case,118000,2025-11-04,2025-07-28,U002
H00119,O0030,Closed Lost,118000,2025-11-04,2025-11-04,U002
H00120,O0031,Discovery,129000,2026-04-22,2025-11-06,U014
H00121,O0031,Technical Validation,129000,2026-04-22,2025-12-11,U014
H00122,O0031,POC,129000,2026-04-22,2026-01-06,U014
H00123,O0031,POC,129000,2026-05-22,2026-02-07,U014
H00124,O0031,Closed Lost,129000,2026-05-22,2026-05-22,U014
H00125,O0032,Discovery,186000,2026-12-23,2026-05-26,U014
H00126,O0032,Technical Validation,186000,2026-12-23,2026-06-25,U014
H00127,O0032,POC,186000,2026-12-23,2026-08-02,U014
H00128,O0032,Business Case,186000,2026-12-23,2026-08-16,U014
H00129,O0032,Business Case,186000,2027-01-22,2026-09-12,U014
H00130,O0032,Closed Lost,186000,2026-10-07,2026-10-07,U014
H00131,O0033,Discovery,70000,2026-08-27,2026-03-20,U003
H00132,O0033,Technical Validation,70000,2026-08-27,2026-04-27,U003
H00133,O0033,POC,70000,2026-08-27,2026-05-23,U003
H00134,O0033,Closed Lost,70000,2026-08-27,2026-08-27,U003
H00135,O0034,Discovery,81000,2026-05-06,2025-09-23,U015
H00136,O0034,Technical Validation,81000,2026-05-06,2025-10-15,U015
H00137,O0034,Closed Lost,81000,2026-05-06,2026-05-06,U015
H00138,O0035,Discovery,187000,2026-03-08,2025-08-18,U009
H00139,O0035,Technical Validation,187000,2026-03-08,2025-09-03,U009
H00140,O0035,Technical Validation,187000,2026-04-07,2025-10-03,U009
H00141,O0035,Closed Lost,187000,2026-04-07,2026-04-07,U009
H00142,O0036,Discovery,135000,2025-10-31,2025-05-28,U014
H00143,O0036,Technical Validation,135000,2025-10-31,2025-06-13,U014
H00144,O0036,Business Case,135000,2025-10-31,2025-07-04,U014
H00145,O0036,Negotiation/Procurement,135000,2025-10-31,2025-08-15,U014
H00146,O0036,Closed Lost,135000,2025-10-31,2025-10-31,U014
H00147,O0037,Discovery,165000,2027-03-01,2026-07-07,U015
H00148,O0037,Technical Validation,165000,2027-03-01,2026-07-31,U015
H00149,O0037,POC,165000,2027-03-01,2026-08-29,U015
H00150,O0037,Business Case,165000,2027-03-01,2026-10-07,U015
H00151,O0037,Closed Lost,165000,2026-10-07,2026-10-07,U015
H00152,O0038,Discovery,180000,2027-01-26,2026-06-26,U003
H00153,O0038,Technical Validation,180000,2027-01-26,2026-08-10,U003
H00154,O0038,POC,180000,2027-01-26,2026-08-31,U003
H00155,O0038,Business Case,180000,2027-01-26,2026-09-14,U003
H00156,O0038,Closed Lost,180000,2026-10-07,2026-10-07,U003
H00157,O0039,Discovery,62000,2026-08-14,2026-01-23,U008
H00158,O0039,Technical Validation,62000,2026-08-14,2026-02-26,U008
H00159,O0039,POC,62000,2026-08-14,2026-03-20,U008
H00160,O0039,Closed Lost,62000,2026-08-14,2026-08-14,U008
H00161,O0040,Discovery,110000,2026-03-15,2025-10-02,U003
H00162,O0040,Technical Validation,110000,2026-03-15,2025-10-31,U003
H00163,O0040,POC,110000,2026-03-15,2025-11-24,U003
H00164,O0040,Business Case,110000,2026-03-15,2025-12-11,U003
H00165,O0040,Business Case,110000,2026-04-14,2026-01-03,U003
H00166,O0040,Business Case,110000,2026-05-14,2026-01-03,U003
H00167,O0040,Business Case,110000,2026-06-13,2026-01-03,U003
H00168,O0040,Closed Lost,110000,2026-06-13,2026-06-13,U003
H00169,O0041,Discovery,88000,2026-09-11,2026-06-05,U003
H00170,O0041,Technical Validation,88000,2026-09-11,2026-07-03,U003
H00171,O0042,Discovery,162000,2025-12-10,2025-08-15,U002
H00172,O0042,Closed Lost,162000,2025-12-10,2025-12-10,U002
H00173,O0043,Discovery,102000,2026-07-20,2025-12-17,U002
H00174,O0043,Technical Validation,102000,2026-07-20,2026-01-24,U002
H00175,O0043,Closed Lost,102000,2026-07-20,2026-07-20,U002
H00176,O0044,Discovery,399000,2026-12-18,2026-06-10,U003
H00177,O0044,Discovery,399000,2027-01-17,2026-07-05,U003
H00178,O0044,Discovery,399000,2027-02-16,2026-07-05,U003
H00179,O0044,Discovery,399000,2027-03-18,2026-07-05,U003
H00180,O0044,Closed Lost,399000,2026-10-07,2026-10-07,U003
H00181,O0045,Discovery,183000,2027-02-08,2026-07-12,U003
H00182,O0045,Closed Lost,183000,2026-10-07,2026-10-07,U003
H00183,O0046,Discovery,186000,2026-11-06,2026-06-25,U008
H00184,O0046,Technical Validation,186000,2026-11-06,2026-07-30,U008
H00185,O0046,POC,186000,2026-11-06,2026-09-02,U008
H00186,O0046,Closed Won,186000,2026-10-07,2026-10-07,U008
H00187,O0047,Discovery,136000,2026-08-04,2026-04-08,U002
H00188,O0047,Technical Validation,136000,2026-08-04,2026-04-26,U002
H00189,O0047,Technical Validation,136000,2026-09-03,2026-06-03,U002
H00190,O0047,Closed Lost,136000,2026-09-03,2026-09-03,U002
H00191,O0048,Discovery,113000,2025-08-15,2025-04-20,U003
H00192,O0048,Technical Validation,113000,2025-08-15,2025-05-27,U003
H00193,O0048,Technical Validation,113000,2025-09-14,2025-07-06,U003
H00194,O0048,Closed Lost,113000,2025-09-14,2025-09-14,U003
H00195,O0049,Discovery,126000,2025-12-17,2025-07-04,U002
H00196,O0049,Technical Validation,126000,2025-12-17,2025-08-17,U002
H00197,O0049,POC,126000,2025-12-17,2025-09-18,U002
H00198,O0049,Closed Lost,126000,2025-12-17,2025-12-17,U002
H00199,O0050,Discovery,74000,2026-04-05,2025-12-11,U003
H00200,O0050,Technical Validation,74000,2026-04-05,2026-01-13,U003
H00201,O0050,POC,74000,2026-04-05,2026-02-25,U003
H00202,O0050,Business Case,74000,2026-04-05,2026-03-15,U003
H00203,O0050,Closed Won,74000,2026-04-05,2026-04-05,U003
H00204,O0050,Negotiation/Procurement,74000,2026-04-05,2026-04-25,U003
H00205,O0051,Discovery,177000,2026-01-01,2025-06-18,U002
H00206,O0051,Technical Validation,177000,2026-01-01,2025-07-30,U002
H00207,O0051,Closed Lost,177000,2026-01-01,2026-01-01,U002
H00208,O0052,Discovery,111000,2025-12-17,2025-08-15,U015
H00209,O0052,Technical Validation,111000,2025-12-17,2025-09-27,U015
H00210,O0052,POC,111000,2025-12-17,2025-10-16,U015
H00211,O0052,Business Case,111000,2025-12-17,2025-11-25,U015
H00212,O0052,Closed Lost,111000,2025-12-17,2025-12-17,U015
H00213,O0052,Negotiation/Procurement,111000,2025-12-17,2026-01-05,U015
H00214,O0053,Discovery,142000,2026-11-28,2026-06-13,U002
H00215,O0053,Technical Validation,142000,2026-11-28,2026-07-03,U002
H00216,O0053,Closed Lost,142000,2026-10-07,2026-10-07,U002
H00217,O0054,Discovery,78000,2026-03-24,2025-10-24,U009
H00218,O0054,Technical Validation,78000,2026-03-24,2025-11-21,U009
H00219,O0054,POC,78000,2026-03-24,2025-12-03,U009
H00220,O0054,Closed Lost,78000,2026-03-24,2026-03-24,U009
H00221,O0055,Discovery,63000,2026-06-09,2026-02-09,U014
H00222,O0055,Technical Validation,63000,2026-06-09,2026-03-05,U014
H00223,O0055,POC,63000,2026-06-09,2026-03-20,U014
H00224,O0055,Closed Lost,63000,2026-06-09,2026-06-09,U014
H00225,O0056,Discovery,104000,2026-03-08,2025-08-25,U009
H00226,O0056,Technical Validation,104000,2026-03-08,2025-09-04,U009
H00227,O0056,POC,104000,2026-03-08,2025-09-17,U009
H00228,O0056,Closed Lost,104000,2026-03-08,2026-03-08,U009
H00229,O0057,Discovery,186000,2026-08-14,2026-04-09,U014
H00230,O0057,Technical Validation,186000,2026-08-14,2026-05-16,U014
H00231,O0057,Technical Validation,186000,2026-09-13,2026-06-05,U014
H00232,O0057,Closed Lost,186000,2026-09-13,2026-09-13,U014
H00233,O0058,Discovery,84000,2026-06-02,2025-11-01,U014
H00234,O0058,Technical Validation,84000,2026-06-02,2025-12-16,U014
H00235,O0058,Technical Validation,84000,2026-07-02,2026-01-12,U014
H00236,O0058,Technical Validation,84000,2026-08-01,2026-01-12,U014
H00237,O0058,Technical Validation,84000,2026-08-31,2026-01-12,U014
H00238,O0058,Closed Lost,84000,2026-08-31,2026-08-31,U014
H00239,O0059,Discovery,138000,2026-10-18,2026-07-07,U002
H00240,O0059,Technical Validation,138000,2026-10-18,2026-07-26,U002
H00241,O0059,POC,138000,2026-10-18,2026-08-18,U002
H00242,O0059,POC,138000,2026-11-17,2026-08-29,U002
H00243,O0060,Discovery,184000,2025-10-11,2025-04-23,U014
H00244,O0060,Technical Validation,184000,2025-10-11,2025-05-11,U014
H00245,O0060,POC,184000,2025-10-11,2025-06-08,U014
H00246,O0060,Negotiation/Procurement,184000,2025-10-11,2025-06-19,U014
H00247,O0060,Closed Won,184000,2025-10-11,2025-10-11,U014
H00248,O0061,Discovery,114000,2026-10-28,2026-03-06,U002
H00249,O0061,Technical Validation,114000,2026-10-28,2026-03-27,U002
H00250,O0061,POC,114000,2026-10-28,2026-04-12,U002
H00251,O0061,Business Case,114000,2026-10-28,2026-05-11,U002
H00252,O0061,Closed Lost,114000,2026-10-07,2026-10-07,U002
H00253,O0062,Discovery,98000,2026-05-05,2025-10-18,U002
H00254,O0062,Technical Validation,98000,2026-05-05,2025-10-31,U002
H00255,O0062,POC,98000,2026-05-05,2025-11-13,U002
H00256,O0062,Business Case,98000,2026-05-05,2025-12-04,U002
H00257,O0062,Negotiation/Procurement,98000,2026-05-05,2025-12-22,U002
H00258,O0062,Negotiation/Procurement,98000,2026-06-04,2026-01-10,U002
H00259,O0062,Negotiation/Procurement,98000,2026-07-04,2026-01-10,U002
H00260,O0062,Negotiation/Procurement,98000,2026-08-03,2026-01-10,U002
H00261,O0062,Closed Lost,98000,2026-08-03,2026-08-03,U002
H00262,O0063,Discovery,96000,2026-08-31,2026-02-04,U003
H00263,O0063,Closed Lost,96000,2026-08-31,2026-08-31,U003
H00264,O0064,Discovery,72000,2026-09-18,2026-04-05,U015
H00265,O0064,Closed Lost,72000,2026-09-18,2026-09-18,U015
H00266,O0065,Discovery,123000,2027-02-25,2026-07-20,U009
H00267,O0065,Technical Validation,123000,2027-02-25,2026-08-29,U009
H00268,O0065,Technical Validation,123000,2027-03-27,2026-10-05,U009
H00269,O0066,Discovery,147000,2026-08-09,2026-05-02,U002
H00270,O0066,Technical Validation,147000,2026-08-09,2026-06-15,U002
H00271,O0066,POC,147000,2026-08-09,2026-06-28,U002
H00272,O0066,Business Case,147000,2026-08-09,2026-08-09,U002
H00273,O0066,Closed Won,147000,2026-09-08,2026-09-08,U002
H00274,O0066,Negotiation/Procurement,147000,2026-08-09,2026-09-14,U002
H00275,O0066,Negotiation/Procurement,147000,2026-09-08,2026-10-02,U002
H00276,O0067,Discovery,137000,2026-02-19,2025-10-06,U002
H00277,O0067,Technical Validation,137000,2026-02-19,2025-10-20,U002
H00278,O0067,POC,137000,2026-02-19,2025-11-08,U002
H00279,O0067,Business Case,137000,2026-02-19,2025-12-09,U002
H00280,O0067,Negotiation/Procurement,137000,2026-02-19,2026-01-09,U002
H00281,O0067,Negotiation/Procurement,137000,2026-03-21,2026-02-02,U002
H00282,O0067,Closed Won,137000,2026-03-21,2026-03-21,U002
H00283,O0068,Discovery,83000,2026-11-19,2026-05-30,U003
H00284,O0068,Technical Validation,83000,2026-11-19,2026-07-04,U003
H00285,O0068,POC,83000,2026-11-19,2026-08-09,U003
H00286,O0068,Business Case,83000,2026-11-19,2026-08-21,U003
H00287,O0069,Discovery,70000,2025-10-01,2025-06-10,U002
H00288,O0069,Closed Lost,70000,2025-10-01,2025-10-01,U002
H00289,O0070,Discovery,151000,2026-11-02,2026-07-19,U015
H00290,O0070,Discovery,151000,2026-12-02,2026-08-01,U015
H00291,O0070,Discovery,151000,2027-01-01,2026-08-01,U015
H00292,O0070,Discovery,151000,2027-01-31,2026-08-01,U015
H00293,O0071,Discovery,156000,2026-11-01,2026-07-28,U015
H00294,O0071,Technical Validation,156000,2026-11-01,2026-08-23,U015
H00295,O0071,POC,156000,2026-11-01,2026-09-22,U015
H00296,O0071,Closed Lost,156000,2026-10-07,2026-10-07,U015
H00297,O0072,Discovery,110000,2026-08-28,2026-01-26,U008
H00298,O0072,Technical Validation,110000,2026-08-28,2026-02-14,U008
H00299,O0072,Technical Validation,110000,2026-09-27,2026-03-31,U008
H00300,O0072,Closed Lost,110000,2026-09-27,2026-09-27,U008
H00301,O0073,Discovery,114000,2026-11-21,2026-05-21,U003
H00302,O0073,Technical Validation,114000,2026-11-21,2026-06-17,U003
H00303,O0073,Technical Validation,114000,2026-12-21,2026-07-31,U003
H00304,O0074,Discovery,67000,2027-01-25,2026-08-14,U003
H00305,O0074,Technical Validation,67000,2027-01-25,2026-09-11,U003
H00306,O0074,POC,67000,2027-01-25,2026-10-03,U003
H00307,O0074,POC,67000,2027-02-24,2026-10-08,U003
H00308,O0075,Discovery,75000,2026-12-13,2026-05-26,U009
H00309,O0075,Technical Validation,75000,2026-12-13,2026-06-10,U009
H00310,O0075,POC,75000,2026-12-13,2026-07-02,U009
H00311,O0076,Discovery,79000,2026-04-04,2025-08-30,U003
H00312,O0076,Technical Validation,79000,2026-04-04,2025-10-08,U003
H00313,O0076,Business Case,79000,2026-04-04,2025-11-07,U003
H00314,O0076,Negotiation/Procurement,79000,2026-04-04,2025-12-15,U003
H00315,O0076,Closed Won,79000,2026-04-04,2026-04-04,U003
H00316,O0077,Discovery,100000,2026-06-27,2026-01-16,U003
H00317,O0077,Technical Validation,100000,2026-06-27,2026-02-16,U003
H00318,O0077,POC,100000,2026-06-27,2026-03-27,U003
H00319,O0077,Business Case,100000,2026-06-27,2026-05-08,U003
H00320,O0077,Negotiation/Procurement,100000,2026-06-27,2026-06-10,U003
H00321,O0077,Negotiation/Procurement,100000,2026-07-27,2026-06-20,U003
H00322,O0077,Closed Won,100000,2026-07-27,2026-07-27,U003
H00323,O0078,Discovery,162000,2026-07-10,2026-02-15,U003
H00324,O0078,Discovery,162000,2026-08-09,2026-03-05,U003
H00325,O0078,Discovery,162000,2026-09-08,2026-03-05,U003
H00326,O0078,Closed Lost,162000,2026-09-08,2026-09-08,U003
H00327,O0079,Discovery,63000,2026-09-06,2026-04-08,U002
H00328,O0079,Discovery,63000,2026-10-06,2026-05-02,U002
H00329,O0079,Discovery,63000,2026-11-05,2026-05-02,U002
H00330,O0079,Discovery,63000,2026-12-05,2026-05-02,U002
H00331,O0079,Closed Lost,63000,2026-10-07,2026-10-07,U002
H00332,O0080,Discovery,66000,2026-11-17,2026-06-05,U008
H00333,O0080,Closed Lost,66000,2026-10-07,2026-10-07,U008
H00334,O0081,Discovery,83000,2027-01-09,2026-06-19,U015
H00335,O0081,Technical Validation,83000,2027-01-09,2026-07-01,U015
H00336,O0081,POC,83000,2027-01-09,2026-07-23,U015
H00337,O0081,Business Case,83000,2027-01-09,2026-08-18,U015
H00338,O0081,Negotiation/Procurement,83000,2027-01-09,2026-09-09,U015
H00339,O0081,Closed Won,83000,2026-10-07,2026-10-07,U015
H00340,O0082,Discovery,146000,2025-08-30,2025-05-22,U014
H00341,O0082,Technical Validation,146000,2025-08-30,2025-06-22,U014
H00342,O0082,POC,146000,2025-08-30,2025-08-05,U014
H00343,O0082,Business Case,146000,2025-08-30,2025-08-29,U014
H00344,O0082,Business Case,146000,2025-09-29,2025-09-22,U014
H00345,O0082,Business Case,146000,2025-10-29,2025-09-22,U014
H00346,O0082,Business Case,146000,2025-11-28,2025-09-22,U014
H00347,O0082,Closed Lost,146000,2025-11-28,2025-11-28,U014
H00348,O0083,Discovery,133000,2026-03-17,2025-10-31,U015
H00349,O0083,Technical Validation,133000,2026-03-17,2025-12-12,U015
H00350,O0083,POC,133000,2026-03-17,2026-01-16,U015
H00351,O0083,Business Case,133000,2026-03-17,2026-02-08,U015
H00352,O0083,Negotiation/Procurement,133000,2026-03-17,2026-03-14,U015
H00353,O0083,Negotiation/Procurement,133000,2026-04-16,2026-04-07,U015
H00354,O0083,Closed Lost,133000,2026-04-16,2026-04-16,U015
H00355,O0084,Discovery,66000,2026-10-09,2026-05-14,U003
H00356,O0084,Technical Validation,66000,2026-10-09,2026-05-25,U003
H00357,O0084,POC,66000,2026-10-09,2026-06-26,U003
H00358,O0084,POC,66000,2026-11-08,2026-07-24,U003
H00359,O0084,POC,66000,2026-12-08,2026-07-24,U003
H00360,O0084,Closed Lost,66000,2026-10-07,2026-10-07,U003
H00361,O0085,Discovery,104000,2026-02-28,2025-09-28,U003
H00362,O0085,Technical Validation,104000,2026-02-28,2025-10-10,U003
H00363,O0085,Closed Lost,104000,2026-02-28,2026-02-28,U003
H00364,O0086,Discovery,116000,2026-10-26,2026-03-27,U003
H00365,O0086,Discovery,116000,2026-11-25,2026-04-24,U003
H00366,O0086,Closed Lost,116000,2026-10-07,2026-10-07,U003
H00367,O0087,Discovery,330000,2026-05-08,2025-09-10,U009
H00368,O0087,Technical Validation,330000,2026-05-08,2025-10-21,U009
H00369,O0087,POC,330000,2026-05-08,2025-11-02,U009
H00370,O0087,Business Case,330000,2026-05-08,2025-12-12,U009
H00371,O0087,Business Case,330000,2026-06-07,2026-01-03,U009
H00372,O0087,Closed Won,330000,2026-06-07,2026-06-07,U009
H00373,O0088,Discovery,128000,2026-11-25,2026-06-13,U002
H00374,O0088,Technical Validation,128000,2026-11-25,2026-06-29,U002
H00375,O0088,Technical Validation,128000,2026-12-25,2026-07-18,U002
H00376,O0088,Closed Lost,128000,2026-10-07,2026-10-07,U002
H00377,O0089,Discovery,124000,2026-11-22,2026-07-21,U008
H00378,O0089,Technical Validation,124000,2026-11-22,2026-08-23,U008
H00379,O0089,POC,124000,2026-11-22,2026-09-28,U008
H00380,O0090,Discovery,191000,2025-10-22,2025-06-05,U003
H00381,O0090,Technical Validation,191000,2025-10-22,2025-07-19,U003
H00382,O0090,Closed Lost,191000,2025-10-22,2025-10-22,U003
H00383,O0091,Discovery,93000,2026-11-07,2026-03-17,U015
H00384,O0091,Technical Validation,93000,2026-11-07,2026-04-04,U015
H00385,O0091,POC,93000,2026-11-07,2026-04-22,U015
H00386,O0091,POC,93000,2026-12-07,2026-06-02,U015
H00387,O0091,Closed Lost,93000,2026-10-07,2026-10-07,U015
H00388,O0092,Discovery,140000,2027-04-21,2026-09-13,U003
H00389,O0092,Technical Validation,140000,2027-04-21,2026-10-05,U003
H00390,O0093,Discovery,58000,2025-11-07,2025-08-06,U015
H00391,O0093,Technical Validation,58000,2025-11-07,2025-08-17,U015
H00392,O0093,POC,58000,2025-11-07,2025-10-01,U015
H00393,O0093,Closed Lost,58000,2025-11-07,2025-11-07,U015
H00394,O0094,Discovery,94000,2025-12-07,2025-06-28,U015
H00395,O0094,Technical Validation,94000,2025-12-07,2025-07-24,U015
H00396,O0094,POC,94000,2025-12-07,2025-08-05,U015
H00397,O0094,Business Case,94000,2025-12-07,2025-08-18,U015
H00398,O0094,Business Case,94000,2026-01-06,2025-08-31,U015
H00399,O0094,Business Case,94000,2026-02-05,2025-08-31,U015
H00400,O0094,Business Case,94000,2026-03-07,2025-08-31,U015
H00401,O0094,Closed Lost,94000,2026-03-07,2026-03-07,U015
H00402,O0095,Discovery,115000,2026-02-08,2025-09-15,U015
H00403,O0095,Technical Validation,115000,2026-02-08,2025-10-04,U015
H00404,O0095,Closed Lost,115000,2026-02-08,2026-02-08,U015
H00405,O0096,Discovery,43000,2027-04-25,2026-08-29,U014
H00406,O0096,Technical Validation,43000,2027-04-25,2026-09-28,U014
H00407,O0096,Technical Validation,43000,2027-05-25,2026-10-08,U014
H00408,O0096,Technical Validation,43000,2027-06-24,2026-10-08,U014
H00409,O0097,Discovery,80000,2026-07-11,2026-01-29,U014
H00410,O0097,Technical Validation,80000,2026-07-11,2026-03-15,U014
H00411,O0097,POC,80000,2026-07-11,2026-04-10,U014
H00412,O0097,Business Case,80000,2026-07-11,2026-05-05,U014
H00413,O0097,Closed Won,80000,2026-07-11,2026-07-11,U014
H00414,O0098,Discovery,185000,2026-11-01,2026-03-18,U009
H00415,O0098,Technical Validation,185000,2026-11-01,2026-04-29,U009
H00416,O0098,POC,185000,2026-11-01,2026-05-30,U009
H00417,O0098,POC,185000,2026-12-01,2026-06-15,U009
H00418,O0098,Closed Lost,185000,2026-10-07,2026-10-07,U009
H00419,O0099,Discovery,93000,2026-07-18,2026-03-24,U009
H00420,O0099,Technical Validation,93000,2026-07-18,2026-04-10,U009
H00421,O0099,POC,93000,2026-07-18,2026-04-24,U009
H00422,O0099,Business Case,93000,2026-07-18,2026-05-18,U009
H00423,O0099,Negotiation/Procurement,93000,2026-07-18,2026-05-31,U009
H00424,O0099,Negotiation/Procurement,93000,2026-08-17,2026-07-14,U009
H00425,O0099,Negotiation/Procurement,93000,2026-09-16,2026-07-14,U009
H00426,O0099,Negotiation/Procurement,93000,2026-10-16,2026-07-14,U009
H00427,O0099,Closed Lost,93000,2026-10-07,2026-10-07,U009
H00428,O0100,Discovery,53000,2026-10-13,2026-07-08,U002
H00429,O0100,Technical Validation,53000,2026-10-13,2026-07-27,U002
H00430,O0100,POC,53000,2026-10-13,2026-09-08,U002
H00431,O0100,Negotiation/Procurement,53000,2026-10-13,2026-10-03,U002
H00432,O0100,Closed Lost,53000,2026-10-07,2026-10-07,U002
H00433,O0101,Discovery,67000,2026-02-19,2025-07-07,U003
H00434,O0101,Technical Validation,67000,2026-02-19,2025-08-16,U003
H00435,O0101,POC,67000,2026-02-19,2025-08-30,U003
H00436,O0101,Business Case,67000,2026-02-19,2025-09-09,U003
H00437,O0101,Negotiation/Procurement,67000,2026-02-19,2025-10-11,U003
H00438,O0101,Closed Won,67000,2026-02-19,2026-02-19,U003
H00439,O0102,Discovery,183000,2026-01-02,2025-05-25,U008
H00440,O0102,Technical Validation,183000,2026-01-02,2025-06-08,U008
H00441,O0102,POC,183000,2026-01-02,2025-07-08,U008
H00442,O0102,Closed Lost,183000,2026-01-02,2026-01-02,U008
H00443,O0103,Discovery,162000,2026-06-25,2025-11-02,U002
H00444,O0103,Technical Validation,162000,2026-06-25,2025-12-01,U002
H00445,O0103,POC,162000,2026-06-25,2026-01-07,U002
H00446,O0103,Closed Lost,162000,2026-06-25,2026-06-25,U002
H00447,O0104,Discovery,79000,2026-11-04,2026-07-23,U014
H00448,O0104,Discovery,79000,2026-12-04,2026-09-01,U014
H00449,O0104,Closed Lost,79000,2026-10-07,2026-10-07,U014
H00450,O0105,Discovery,303000,2025-09-12,2025-05-11,U003
H00451,O0105,Technical Validation,303000,2025-09-12,2025-06-11,U003
H00452,O0105,POC,303000,2025-09-12,2025-06-23,U003
H00453,O0105,Business Case,303000,2025-09-12,2025-08-03,U003
H00454,O0105,Business Case,303000,2025-10-12,2025-08-13,U003
H00455,O0105,Business Case,303000,2025-11-11,2025-08-13,U003
H00456,O0105,Closed Lost,303000,2025-11-11,2025-11-11,U003
H00457,O0106,Discovery,79000,2027-04-16,2026-09-07,U014
H00458,O0106,Technical Validation,79000,2027-04-16,2026-10-07,U014
H00459,O0107,Discovery,33000,2027-02-16,2026-08-09,U015
H00460,O0107,Technical Validation,33000,2027-02-16,2026-09-18,U015
H00461,O0108,Discovery,349000,2026-06-01,2025-10-12,U003
H00462,O0108,Technical Validation,349000,2026-06-01,2025-10-24,U003
H00463,O0108,Closed Lost,349000,2026-06-01,2026-06-01,U003
H00464,O0109,Discovery,35000,2026-11-13,2026-04-14,U014
H00465,O0109,Technical Validation,35000,2026-11-13,2026-05-27,U014
H00466,O0109,POC,35000,2026-11-13,2026-06-15,U014
H00467,O0109,POC,35000,2026-12-13,2026-07-06,U014
H00468,O0109,Closed Lost,35000,2026-10-07,2026-10-07,U014
H00469,O0110,Discovery,108000,2026-10-07,2026-04-21,U003
H00470,O0110,Technical Validation,108000,2026-10-07,2026-05-05,U003
H00471,O0110,POC,108000,2026-10-07,2026-06-01,U003
H00472,O0110,Closed Lost,108000,2026-10-07,2026-10-07,U003
H00473,O0111,Discovery,90000,2026-03-19,2025-08-03,U015
H00474,O0111,Discovery,90000,2026-04-18,2025-09-15,U015
H00475,O0111,Closed Lost,90000,2026-04-18,2026-04-18,U015
H00476,O0112,Discovery,68000,2027-01-23,2026-09-22,U009
H00477,O0112,Discovery,68000,2027-02-22,2026-10-08,U009
H00478,O0113,Discovery,102000,2026-06-07,2026-02-24,U015
H00479,O0113,Technical Validation,102000,2026-06-07,2026-04-09,U015
H00480,O0113,Technical Validation,102000,2026-07-07,2026-05-18,U015
H00481,O0113,Closed Lost,102000,2026-07-07,2026-07-07,U015
H00482,O0114,Discovery,185000,2027-01-15,2026-09-13,U008
H00483,O0114,Technical Validation,185000,2027-01-15,2026-09-30,U008
H00484,O0115,Discovery,105000,2026-01-13,2025-08-07,U003
H00485,O0115,Technical Validation,105000,2026-01-13,2025-08-31,U003
H00486,O0115,POC,105000,2026-01-13,2025-10-04,U003
H00487,O0115,Business Case,105000,2026-01-13,2025-10-15,U003
H00488,O0115,Business Case,105000,2026-02-12,2025-11-12,U003
H00489,O0115,Closed Won,105000,2026-02-12,2026-02-12,U003
H00490,O0116,Discovery,58000,2026-02-11,2025-07-26,U002
H00491,O0116,Closed Lost,58000,2026-02-11,2026-02-11,U002
H00492,O0117,Discovery,94000,2026-09-30,2026-03-20,U003
H00493,O0117,POC,94000,2026-09-30,2026-04-27,U003
H00494,O0117,Business Case,94000,2026-09-30,2026-05-19,U003
H00495,O0117,Closed Won,94000,2026-09-30,2026-09-30,U003
H00496,O0118,Discovery,170000,2026-08-15,2026-04-22,U003
H00497,O0118,Technical Validation,170000,2026-08-15,2026-05-12,U003
H00498,O0118,POC,170000,2026-08-15,2026-06-19,U003
H00499,O0118,Negotiation/Procurement,170000,2026-08-15,2026-07-28,U003
H00500,O0118,Negotiation/Procurement,170000,2026-09-14,2026-08-23,U003
H00501,O0118,Negotiation/Procurement,170000,2026-10-14,2026-08-23,U003
H00502,O0118,Closed Won,170000,2026-10-07,2026-10-07,U003
H00503,O0119,Discovery,66000,2026-12-22,2026-09-07,U002
H00504,O0119,Discovery,66000,2027-01-21,2026-10-08,U002
H00505,O0120,Discovery,160000,2025-12-28,2025-07-31,U003
H00506,O0120,Technical Validation,160000,2025-12-28,2025-08-25,U003
H00507,O0120,Closed Lost,160000,2025-12-28,2025-12-28,U003
H00508,O0121,Discovery,168000,2027-03-04,2026-07-08,U014
H00509,O0121,Technical Validation,168000,2027-03-04,2026-08-03,U014
H00510,O0121,POC,168000,2027-03-04,2026-08-20,U014
H00511,O0121,Business Case,168000,2027-03-04,2026-09-21,U014
H00512,O0122,Discovery,43000,2025-08-09,2025-05-06,U002
H00513,O0122,Technical Validation,43000,2025-08-09,2025-06-08,U002
H00514,O0122,Closed Lost,43000,2025-08-09,2025-08-09,U002
H00515,O0123,Discovery,87000,2025-11-06,2025-04-03,U002
H00516,O0123,Technical Validation,87000,2025-11-06,2025-04-17,U002
H00517,O0123,Closed Lost,87000,2025-11-06,2025-11-06,U002
H00518,O0124,Discovery,130000,2026-12-30,2026-08-14,U003
H00519,O0124,Technical Validation,130000,2026-12-30,2026-09-05,U003
H00520,O0125,Discovery,148000,2026-01-27,2025-10-07,U002
H00521,O0125,Closed Lost,148000,2026-01-27,2026-01-27,U002
H00522,O0126,Discovery,60000,2026-09-01,2026-01-15,U008
H00523,O0126,Technical Validation,60000,2026-09-01,2026-01-31,U008
H00524,O0126,POC,60000,2026-09-01,2026-02-20,U008
H00525,O0126,Business Case,60000,2026-09-01,2026-04-03,U008
H00526,O0126,Closed Lost,60000,2026-09-01,2026-09-01,U008
H00527,O0127,Discovery,149000,2025-10-23,2025-06-27,U015
H00528,O0127,Technical Validation,149000,2025-10-23,2025-07-24,U015
H00529,O0127,POC,149000,2025-10-23,2025-08-13,U015
H00530,O0127,Business Case,149000,2025-10-23,2025-09-22,U015
H00531,O0127,Business Case,149000,2025-11-22,2025-10-28,U015
H00532,O0127,Closed Won,149000,2025-11-22,2025-11-22,U015
H00533,O0128,Discovery,113000,2026-04-21,2025-12-17,U003
H00534,O0128,Discovery,113000,2026-05-21,2025-12-31,U003
H00535,O0128,Closed Lost,113000,2026-05-21,2026-05-21,U003
H00536,O0129,Discovery,158000,2025-11-29,2025-06-10,U002
H00537,O0129,Technical Validation,158000,2025-11-29,2025-07-11,U002
H00538,O0129,POC,158000,2025-11-29,2025-08-22,U002
H00539,O0129,POC,158000,2025-12-29,2025-09-12,U002
H00540,O0129,Closed Lost,158000,2025-12-29,2025-12-29,U002
H00541,O0130,Discovery,72000,2026-10-28,2026-04-03,U008
H00542,O0130,Technical Validation,72000,2026-10-28,2026-04-13,U008
H00543,O0130,POC,72000,2026-10-28,2026-05-02,U008
H00544,O0130,Business Case,72000,2026-10-28,2026-05-25,U008
H00545,O0130,Closed Won,72000,2026-10-07,2026-10-07,U008
H00546,O0131,Discovery,188000,2026-07-25,2025-12-06,U008
H00547,O0131,Discovery,188000,2026-08-24,2026-01-08,U008
H00548,O0131,Discovery,188000,2026-09-23,2026-01-08,U008
H00549,O0131,Discovery,188000,2026-10-23,2026-01-08,U008
H00550,O0131,Closed Lost,188000,2026-10-07,2026-10-07,U008
H00551,O0132,Discovery,72000,2027-02-27,2026-08-26,U003
H00552,O0132,Technical Validation,72000,2027-02-27,2026-09-27,U003
H00553,O0132,Technical Validation,72000,2027-03-29,2026-10-08,U003
H00554,O0132,Technical Validation,72000,2027-04-28,2026-10-08,U003
H00555,O0133,Discovery,87000,2025-12-30,2025-07-14,U002
H00556,O0133,Discovery,87000,2026-01-29,2025-07-28,U002
H00557,O0133,Discovery,87000,2026-02-28,2025-07-28,U002
H00558,O0133,Closed Lost,87000,2026-02-28,2026-02-28,U002
H00559,O0134,Discovery,66000,2026-12-16,2026-06-10,U014
H00560,O0134,Technical Validation,66000,2026-12-16,2026-07-20,U014
H00561,O0134,POC,66000,2026-12-16,2026-08-16,U014
H00562,O0134,Business Case,66000,2026-12-16,2026-09-21,U014
H00563,O0134,Business Case,66000,2027-01-15,2026-10-08,U014
H00564,O0134,Business Case,66000,2027-02-14,2026-10-08,U014
H00565,O0135,Discovery,94000,2026-07-12,2025-11-25,U015
H00566,O0135,Technical Validation,94000,2026-07-12,2025-12-20,U015
H00567,O0135,POC,94000,2026-07-12,2026-01-22,U015
H00568,O0135,POC,94000,2026-08-11,2026-02-24,U015
H00569,O0135,POC,94000,2026-09-10,2026-02-24,U015
H00570,O0135,POC,94000,2026-10-10,2026-02-24,U015
H00571,O0135,Closed Lost,94000,2026-10-07,2026-10-07,U015
H00572,O0136,Discovery,74000,2026-02-03,2025-06-25,U003
H00573,O0136,Technical Validation,74000,2026-02-03,2025-07-29,U003
H00574,O0136,POC,74000,2026-02-03,2025-08-24,U003
H00575,O0136,Closed Lost,74000,2026-02-03,2026-02-03,U003
H00576,O0137,Discovery,130000,2026-03-10,2025-07-13,U003
H00577,O0137,Closed Lost,130000,2026-03-10,2026-03-10,U003
H00578,O0138,Discovery,48000,2026-01-05,2025-09-09,U008
H00579,O0138,Discovery,48000,2026-02-04,2025-10-11,U008
H00580,O0138,Closed Lost,48000,2026-02-04,2026-02-04,U008
H00581,O0139,Discovery,87000,2026-10-23,2026-06-30,U003
H00582,O0139,Technical Validation,87000,2026-10-23,2026-07-31,U003
H00583,O0139,POC,87000,2026-10-23,2026-08-20,U003
H00584,O0139,POC,87000,2026-11-22,2026-09-20,U003
H00585,O0140,Discovery,162000,2026-12-17,2026-05-03,U014
H00586,O0140,Discovery,162000,2027-01-16,2026-06-14,U014
H00587,O0140,Closed Lost,162000,2026-10-07,2026-10-07,U014
H00588,O0141,Discovery,163000,2025-09-28,2025-04-21,U008
H00589,O0141,Technical Validation,163000,2025-09-28,2025-05-26,U008
H00590,O0141,POC,163000,2025-09-28,2025-07-08,U008
H00591,O0141,Business Case,163000,2025-09-28,2025-08-14,U008
H00592,O0141,Closed Lost,163000,2025-09-28,2025-09-28,U008
H00593,O0142,Discovery,142000,2026-03-09,2025-08-15,U014
H00594,O0142,Technical Validation,142000,2026-03-09,2025-09-04,U014
H00595,O0142,POC,142000,2026-03-09,2025-09-16,U014
H00596,O0142,Closed Won,142000,2026-03-09,2026-03-09,U014
H00597,O0143,Discovery,58000,2026-01-08,2025-05-24,U002
H00598,O0143,Technical Validation,58000,2026-01-08,2025-06-14,U002
H00599,O0143,Closed Lost,58000,2026-01-08,2026-01-08,U002
H00600,O0144,Discovery,67000,2026-01-02,2025-09-15,U014
H00601,O0144,Technical Validation,67000,2026-01-02,2025-09-29,U014
H00602,O0144,POC,67000,2026-01-02,2025-11-01,U014
H00603,O0144,POC,67000,2026-02-01,2025-11-25,U014
H00604,O0144,POC,67000,2026-03-03,2025-11-25,U014
H00605,O0144,Closed Lost,67000,2026-03-03,2026-03-03,U014
H00606,O0145,Discovery,66000,2026-12-03,2026-04-30,U003
H00607,O0145,Technical Validation,66000,2026-12-03,2026-05-18,U003
H00608,O0145,Technical Validation,66000,2027-01-02,2026-06-13,U003
H00609,O0145,Closed Lost,66000,2026-10-07,2026-10-07,U003
H00610,O0146,Discovery,61000,2027-01-23,2026-07-26,U014
H00611,O0146,POC,61000,2027-01-23,2026-08-13,U014
H00612,O0147,Discovery,127000,2026-12-06,2026-05-23,U002
H00613,O0148,Discovery,96000,2027-02-28,2026-08-07,U003
H00614,O0148,Technical Validation,96000,2027-02-28,2026-08-17,U003
H00615,O0148,POC,96000,2027-02-28,2026-09-26,U003
H00616,O0148,Closed Won,96000,2026-10-07,2026-10-07,U003
H00617,O0149,Discovery,99000,2026-02-19,2025-09-19,U015
H00618,O0149,Technical Validation,99000,2026-02-19,2025-10-08,U015
H00619,O0149,Technical Validation,99000,2026-03-21,2025-11-21,U015
H00620,O0149,Technical Validation,99000,2026-04-20,2025-11-21,U015
H00621,O0149,Closed Lost,99000,2026-04-20,2026-04-20,U015
H00622,O0150,Discovery,150000,2027-04-08,2026-09-20,U003
H00623,O0150,Discovery,150000,2027-05-08,2026-10-08,U003
H00624,O0151,Discovery,62000,2026-10-27,2026-03-08,U003
H00625,O0151,Technical Validation,62000,2026-10-27,2026-04-05,U003
H00626,O0151,Technical Validation,62000,2026-11-26,2026-04-18,U003
H00627,O0151,Closed Lost,62000,2026-10-07,2026-10-07,U003
H00628,O0152,Discovery,78000,2026-04-12,2025-12-14,U002
H00629,O0152,Technical Validation,78000,2026-04-12,2026-01-28,U002
H00630,O0152,POC,78000,2026-04-12,2026-03-08,U002
H00631,O0152,Business Case,78000,2026-04-12,2026-04-01,U002
H00632,O0152,Closed Won,78000,2026-04-12,2026-04-12,U002
H00633,O0152,Negotiation/Procurement,78000,2026-04-12,2026-04-19,U002
H00634,O0153,Discovery,84000,2026-11-29,2026-05-30,U014
H00635,O0153,Technical Validation,84000,2026-11-29,2026-06-24,U014
H00636,O0153,POC,84000,2026-11-29,2026-08-08,U014
H00637,O0153,POC,84000,2026-12-29,2026-09-21,U014
H00638,O0153,Closed Lost,84000,2026-10-07,2026-10-07,U014
H00639,O0154,Discovery,67000,2026-10-26,2026-03-01,U015
H00640,O0154,Technical Validation,67000,2026-10-26,2026-04-13,U015
H00641,O0154,POC,67000,2026-10-26,2026-05-14,U015
H00642,O0154,Business Case,67000,2026-10-26,2026-06-25,U015
H00643,O0154,Negotiation/Procurement,67000,2026-10-26,2026-07-09,U015
H00644,O0154,Closed Won,67000,2026-10-07,2026-10-07,U015
H00645,O0155,Discovery,99000,2027-03-09,2026-08-13,U003
H00646,O0155,Technical Validation,99000,2027-03-09,2026-09-04,U003
H00647,O0155,Technical Validation,99000,2027-04-08,2026-09-17,U003
H00648,O0156,Discovery,98000,2027-02-25,2026-09-19,U015
H00649,O0157,Discovery,71000,2026-11-05,2026-06-07,U003
H00650,O0157,Technical Validation,71000,2026-11-05,2026-07-19,U003
H00651,O0157,POC,71000,2026-11-05,2026-07-30,U003
H00652,O0157,Business Case,71000,2026-11-05,2026-08-25,U003
H00653,O0157,Negotiation/Procurement,71000,2026-11-05,2026-10-02,U003
H00654,O0158,Discovery,68000,2026-06-25,2026-01-02,U008
H00655,O0158,Technical Validation,68000,2026-06-25,2026-02-10,U008
H00656,O0158,Business Case,68000,2026-06-25,2026-03-20,U008
H00657,O0158,Negotiation/Procurement,68000,2026-06-25,2026-04-12,U008
H00658,O0158,Negotiation/Procurement,68000,2026-07-25,2026-04-28,U008
H00659,O0158,Closed Won,68000,2026-07-25,2026-07-25,U008
H00660,O0159,Discovery,175000,2026-01-04,2025-09-18,U003
H00661,O0159,Technical Validation,175000,2026-01-04,2025-09-28,U003
H00662,O0159,POC,175000,2026-01-04,2025-10-23,U003
H00663,O0159,Business Case,175000,2026-01-04,2025-11-11,U003
H00664,O0159,Business Case,175000,2026-02-03,2025-11-29,U003
H00665,O0159,Business Case,175000,2026-03-05,2025-11-29,U003
H00666,O0159,Business Case,175000,2026-04-04,2025-11-29,U003
H00667,O0159,Closed Won,175000,2026-04-04,2026-04-04,U003
H00668,O0160,Discovery,58000,2025-11-24,2025-06-09,U003
H00669,O0160,Closed Lost,58000,2025-11-24,2025-11-24,U003
H00670,O0161,Discovery,144000,2027-03-10,2026-09-02,U015
H00671,O0161,Discovery,144000,2027-04-09,2026-10-08,U015
H00672,O0161,Discovery,144000,2027-05-09,2026-10-08,U015
H00673,O0162,Discovery,125000,2026-08-30,2026-04-08,U003
H00674,O0162,Technical Validation,125000,2026-08-30,2026-04-20,U003
H00675,O0162,Closed Lost,125000,2026-08-30,2026-08-30,U003
H00676,O0163,Discovery,107000,2026-07-31,2026-01-02,U002
H00677,O0163,Technical Validation,107000,2026-07-31,2026-01-22,U002
H00678,O0163,POC,107000,2026-07-31,2026-02-25,U002
H00679,O0163,Business Case,107000,2026-07-31,2026-04-05,U002
H00680,O0163,Negotiation/Procurement,107000,2026-07-31,2026-05-04,U002
H00681,O0163,Closed Lost,107000,2026-07-31,2026-07-31,U002
H00682,O0164,Discovery,171000,2026-12-14,2026-06-26,U003
H00683,O0164,Technical Validation,171000,2026-12-14,2026-07-17,U003
H00684,O0164,Closed Lost,171000,2026-10-07,2026-10-07,U003
H00685,O0165,Discovery,74000,2027-03-29,2026-09-23,U002
H00686,O0166,Discovery,107000,2025-10-08,2025-07-07,U014
H00687,O0166,Technical Validation,107000,2025-10-08,2025-07-29,U014
H00688,O0166,POC,107000,2025-10-08,2025-08-28,U014
H00689,O0166,Closed Lost,107000,2025-10-08,2025-10-08,U014
H00690,O0167,Discovery,82000,2026-09-03,2026-03-13,U014
H00691,O0167,Technical Validation,82000,2026-09-03,2026-04-21,U014
H00692,O0167,Business Case,82000,2026-09-03,2026-06-01,U014
H00693,O0167,Closed Won,82000,2026-09-03,2026-09-03,U014
H00694,O0168,Discovery,149000,2025-12-20,2025-06-26,U008
H00695,O0168,Technical Validation,149000,2025-12-20,2025-07-08,U008
H00696,O0168,POC,149000,2025-12-20,2025-08-12,U008
H00697,O0168,Closed Lost,149000,2025-12-20,2025-12-20,U008
H00698,O0169,Discovery,84000,2026-09-01,2026-03-22,U003
H00699,O0169,Discovery,84000,2026-10-01,2026-04-11,U003
H00700,O0169,Discovery,84000,2026-10-31,2026-04-11,U003
H00701,O0169,Closed Lost,84000,2026-10-07,2026-10-07,U003
H00702,O0170,Discovery,66000,2026-12-30,2026-08-27,U003
H00703,O0170,Technical Validation,66000,2026-12-30,2026-09-24,U003
H00704,O0171,Discovery,68000,2026-12-11,2026-06-28,U003
H00705,O0171,Technical Validation,68000,2026-12-11,2026-07-25,U003
H00706,O0171,Technical Validation,68000,2027-01-10,2026-08-28,U003
H00707,O0171,Closed Lost,68000,2026-10-07,2026-10-07,U003
H00708,O0172,Discovery,117000,2025-10-26,2025-04-28,U008
H00709,O0172,Technical Validation,117000,2025-10-26,2025-06-08,U008
H00710,O0172,POC,117000,2025-10-26,2025-06-25,U008
H00711,O0172,Business Case,117000,2025-10-26,2025-08-04,U008
H00712,O0172,Negotiation/Procurement,117000,2025-10-26,2025-09-16,U008
H00713,O0172,Closed Won,117000,2025-10-26,2025-10-26,U008
H00714,O0173,Discovery,41000,2026-07-17,2025-12-13,U002
H00715,O0173,Discovery,41000,2026-08-16,2026-01-08,U002
H00716,O0173,Closed Lost,41000,2026-08-16,2026-08-16,U002
H00717,O0174,Discovery,61000,2025-09-08,2025-06-02,U015
H00718,O0174,Technical Validation,61000,2025-09-08,2025-06-26,U015
H00719,O0174,POC,61000,2025-09-08,2025-07-10,U015
H00720,O0174,Closed Lost,61000,2025-09-08,2025-09-08,U015
H00721,O0175,Discovery,75000,2027-01-13,2026-06-02,U002
H00722,O0176,Discovery,92000,2026-10-11,2026-03-07,U002
H00723,O0176,Technical Validation,92000,2026-10-11,2026-04-07,U002
H00724,O0176,POC,92000,2026-10-11,2026-04-17,U002
H00725,O0176,Business Case,92000,2026-10-11,2026-05-09,U002
H00726,O0176,Negotiation/Procurement,92000,2026-10-11,2026-06-19,U002
H00727,O0176,Closed Won,92000,2026-10-07,2026-10-07,U002
H00728,O0177,Discovery,68000,2026-08-16,2026-01-31,U003
H00729,O0177,Technical Validation,68000,2026-08-16,2026-02-20,U003
H00730,O0177,POC,68000,2026-08-16,2026-03-05,U003
H00731,O0177,Closed Lost,68000,2026-08-16,2026-08-16,U003
H00732,O0178,Discovery,111000,2025-11-29,2025-07-12,U002
H00733,O0178,Technical Validation,111000,2025-11-29,2025-08-22,U002
H00734,O0178,POC,111000,2025-11-29,2025-09-27,U002
H00735,O0178,Closed Lost,111000,2025-11-29,2025-11-29,U002
H00736,O0179,Discovery,87000,2027-01-18,2026-07-29,U003
H00737,O0179,Technical Validation,87000,2027-01-18,2026-09-05,U003
H00738,O0179,POC,87000,2027-01-18,2026-10-07,U003
H00739,O0179,POC,87000,2027-02-17,2026-10-08,U003
H00740,O0180,Discovery,164000,2026-05-24,2025-12-15,U002
H00741,O0180,Technical Validation,164000,2026-05-24,2026-01-10,U002
H00742,O0180,POC,164000,2026-05-24,2026-02-04,U002
H00743,O0180,Business Case,164000,2026-05-24,2026-02-22,U002
H00744,O0180,Business Case,164000,2026-06-23,2026-04-04,U002
H00745,O0180,Business Case,164000,2026-07-23,2026-04-04,U002
H00746,O0180,Closed Lost,164000,2026-07-23,2026-07-23,U002
H00747,O0181,Discovery,59000,2026-04-05,2025-11-27,U003
H00748,O0181,Technical Validation,59000,2026-04-05,2025-12-15,U003
H00749,O0181,Technical Validation,59000,2026-05-05,2026-01-27,U003
H00750,O0181,Technical Validation,59000,2026-06-04,2026-01-27,U003
H00751,O0181,Closed Lost,59000,2026-06-04,2026-06-04,U003
H00752,O0182,Discovery,78000,2025-09-04,2025-05-30,U002
H00753,O0182,Discovery,78000,2025-10-04,2025-07-12,U002
H00754,O0182,Closed Lost,78000,2025-10-04,2025-10-04,U002
H00755,O0183,Discovery,120000,2027-02-05,2026-07-30,U002
H00756,O0183,Technical Validation,120000,2027-02-05,2026-08-21,U002
H00757,O0183,Closed Lost,120000,2026-10-07,2026-10-07,U002
H00758,O0184,Discovery,41000,2027-01-01,2026-07-27,U002
H00759,O0185,Discovery,66000,2026-02-24,2025-11-04,U009
H00760,O0185,Technical Validation,66000,2026-02-24,2025-11-19,U009
H00761,O0185,POC,66000,2026-02-24,2026-01-01,U009
H00762,O0185,Business Case,66000,2026-02-24,2026-01-14,U009
H00763,O0185,Closed Won,66000,2026-02-24,2026-02-24,U009
H00764,O0185,Negotiation/Procurement,66000,2026-02-24,2026-02-27,U009
H00765,O0186,Discovery,61000,2026-03-04,2025-10-21,U008
H00766,O0186,Closed Lost,61000,2026-03-04,2026-03-04,U008
H00767,O0187,Discovery,73000,2025-11-23,2025-08-07,U008
H00768,O0187,Technical Validation,73000,2025-11-23,2025-08-31,U008
H00769,O0187,POC,73000,2025-11-23,2025-10-07,U008
H00770,O0187,Business Case,73000,2025-11-23,2025-11-02,U008
H00771,O0187,Negotiation/Procurement,73000,2025-11-23,2025-11-13,U008
H00772,O0187,Closed Lost,73000,2025-11-23,2025-11-23,U008
H00773,O0188,Discovery,63000,2026-04-21,2025-11-13,U014
H00774,O0188,POC,63000,2026-04-21,2025-11-23,U014
H00775,O0188,Business Case,63000,2026-04-21,2025-12-26,U014
H00776,O0188,Closed Lost,63000,2026-04-21,2026-04-21,U014
H00777,O0189,Discovery,47000,2026-02-05,2025-07-09,U002
H00778,O0189,Closed Lost,47000,2026-02-05,2026-02-05,U002
H00779,O0190,Discovery,215000,2026-01-31,2025-10-21,U014
H00780,O0190,Technical Validation,215000,2026-01-31,2025-11-29,U014
H00781,O0190,Closed Lost,215000,2026-01-31,2026-01-31,U014
H00782,O0191,Discovery,145000,2026-02-18,2025-09-25,U008
H00783,O0191,Technical Validation,145000,2026-02-18,2025-10-27,U008
H00784,O0191,POC,145000,2026-02-18,2025-11-30,U008
H00785,O0191,Business Case,145000,2026-02-18,2025-12-23,U008
H00786,O0191,Business Case,145000,2026-03-20,2026-01-18,U008
H00787,O0191,Business Case,145000,2026-04-19,2026-01-18,U008
H00788,O0191,Closed Won,145000,2026-04-19,2026-04-19,U008
H00789,O0192,Discovery,92000,2025-10-02,2025-05-29,U002
H00790,O0192,Technical Validation,92000,2025-10-02,2025-07-02,U002
H00791,O0192,POC,92000,2025-10-02,2025-07-22,U002
H00792,O0192,POC,92000,2025-11-01,2025-08-27,U002
H00793,O0192,Closed Lost,92000,2025-11-01,2025-11-01,U002
H00794,O0193,Discovery,104000,2026-07-16,2026-04-15,U009
H00795,O0193,Technical Validation,104000,2026-07-16,2026-04-29,U009
H00796,O0193,POC,104000,2026-07-16,2026-05-23,U009
H00797,O0193,Business Case,104000,2026-07-16,2026-07-01,U009
H00798,O0193,Closed Lost,104000,2026-07-16,2026-07-16,U009
H00799,O0193,Negotiation/Procurement,104000,2026-07-16,2026-08-11,U009
H00800,O0194,Discovery,104000,2026-12-16,2026-08-17,U003
H00801,O0194,Technical Validation,104000,2026-12-16,2026-08-28,U003
H00802,O0194,POC,104000,2026-12-16,2026-10-06,U003
H00803,O0194,POC,104000,2027-01-15,2026-10-08,U003
H00804,O0194,POC,104000,2027-02-14,2026-10-08,U003
H00805,O0195,Discovery,38000,2026-05-17,2026-02-05,U002
H00806,O0195,Technical Validation,38000,2026-05-17,2026-02-24,U002
H00807,O0195,Business Case,38000,2026-05-17,2026-03-06,U002
H00808,O0195,Business Case,38000,2026-06-16,2026-04-13,U002
H00809,O0195,Business Case,38000,2026-07-16,2026-04-13,U002
H00810,O0195,Business Case,38000,2026-08-15,2026-04-13,U002
H00811,O0195,Closed Lost,38000,2026-08-15,2026-08-15,U002
H00812,O0196,Discovery,43000,2027-02-23,2026-09-17,U008
H00813,O0197,Discovery,118000,2026-08-22,2026-05-23,U003
H00814,O0197,Technical Validation,118000,2026-08-22,2026-06-18,U003
H00815,O0197,POC,118000,2026-08-22,2026-07-20,U003
H00816,O0197,Closed Lost,118000,2026-08-22,2026-08-22,U003
H00817,O0197,Business Case,118000,2026-08-22,2026-08-30,U003
H00818,O0198,Discovery,90000,2026-09-09,2026-05-11,U002
H00819,O0198,Technical Validation,90000,2026-09-09,2026-05-26,U002
H00820,O0198,POC,90000,2026-09-09,2026-06-27,U002
H00821,O0199,Discovery,94000,2026-04-30,2025-10-12,U003
H00822,O0199,Technical Validation,94000,2026-04-30,2025-11-21,U003
H00823,O0199,POC,94000,2026-04-30,2025-12-31,U003
H00824,O0199,POC,94000,2026-05-30,2026-01-24,U003
H00825,O0199,POC,94000,2026-06-29,2026-01-24,U003
H00826,O0199,POC,94000,2026-07-29,2026-01-24,U003
H00827,O0199,Closed Lost,94000,2026-07-29,2026-07-29,U003
H00828,O0200,Discovery,185000,2026-08-26,2026-05-01,U002
H00829,O0200,Technical Validation,185000,2026-08-26,2026-05-27,U002
H00830,O0200,POC,185000,2026-08-26,2026-06-11,U002
H00831,O0200,Business Case,185000,2026-08-26,2026-07-05,U002
H00832,O0200,Business Case,185000,2026-09-25,2026-08-04,U002
H00833,O0200,Business Case,185000,2026-10-25,2026-08-04,U002
H00834,O0200,Closed Won,185000,2026-10-07,2026-10-07,U002
H00835,O0201,Discovery,167000,2026-06-03,2026-02-15,U002
H00836,O0201,Closed Lost,167000,2026-06-03,2026-06-03,U002
H00837,O0202,Discovery,144000,2027-01-03,2026-07-10,U014
H00838,O0202,Technical Validation,144000,2027-01-03,2026-08-23,U014
H00839,O0202,POC,144000,2027-01-03,2026-09-20,U014
H00840,O0202,Closed Won,144000,2026-10-07,2026-10-07,U014
H00841,O0203,Discovery,36000,2026-10-13,2026-04-01,U014
H00842,O0203,Technical Validation,36000,2026-10-13,2026-05-11,U014
H00843,O0203,POC,36000,2026-10-13,2026-06-23,U014
H00844,O0203,Business Case,36000,2026-10-13,2026-07-27,U014
H00845,O0203,Business Case,36000,2026-11-12,2026-08-12,U014
H00846,O0203,Closed Won,36000,2026-10-07,2026-10-07,U014
H00847,O0204,Discovery,38000,2026-10-15,2026-07-11,U015
H00848,O0204,Technical Validation,38000,2026-10-15,2026-08-02,U015
H00849,O0204,POC,38000,2026-10-15,2026-08-17,U015
H00850,O0204,Closed Lost,38000,2026-10-07,2026-10-07,U015
H00851,O0205,Discovery,100000,2026-01-19,2025-06-21,U008
H00852,O0205,Technical Validation,100000,2026-01-19,2025-08-04,U008
H00853,O0205,POC,100000,2026-01-19,2025-09-18,U008
H00854,O0205,Closed Lost,100000,2026-01-19,2026-01-19,U008
H00855,O0206,Discovery,34000,2026-03-15,2025-09-15,U003
H00856,O0206,Technical Validation,34000,2026-03-15,2025-10-16,U003
H00857,O0206,POC,34000,2026-03-15,2025-11-14,U003
H00858,O0206,Negotiation/Procurement,34000,2026-03-15,2025-12-19,U003
H00859,O0206,Negotiation/Procurement,34000,2026-04-14,2026-01-29,U003
H00860,O0206,Negotiation/Procurement,34000,2026-05-14,2026-01-29,U003
H00861,O0206,Closed Lost,34000,2026-05-14,2026-05-14,U003
H00862,O0207,Discovery,81000,2025-11-27,2025-07-11,U008
H00863,O0207,Technical Validation,81000,2025-11-27,2025-08-07,U008
H00864,O0207,POC,81000,2025-11-27,2025-08-23,U008
H00865,O0207,Business Case,81000,2025-11-27,2025-09-09,U008
H00866,O0207,Negotiation/Procurement,81000,2025-11-27,2025-10-14,U008
H00867,O0207,Negotiation/Procurement,81000,2025-12-27,2025-11-05,U008
H00868,O0207,Closed Won,81000,2025-12-27,2025-12-27,U008
H00869,O0208,Discovery,52000,2026-02-04,2025-07-15,U014
H00870,O0208,Technical Validation,52000,2026-02-04,2025-08-29,U014
H00871,O0208,Technical Validation,52000,2026-03-06,2025-09-09,U014
H00872,O0208,Technical Validation,52000,2026-04-05,2025-09-09,U014
H00873,O0208,Closed Lost,52000,2026-04-05,2026-04-05,U014
H00874,O0209,Discovery,93000,2026-05-18,2026-01-21,U003
H00875,O0209,Technical Validation,93000,2026-05-18,2026-02-16,U003
H00876,O0209,POC,93000,2026-05-18,2026-03-14,U003
H00877,O0209,Business Case,93000,2026-05-18,2026-04-21,U003
H00878,O0209,Negotiation/Procurement,93000,2026-05-18,2026-05-19,U003
H00879,O0209,Negotiation/Procurement,93000,2026-06-17,2026-06-22,U003
H00880,O0209,Negotiation/Procurement,93000,2026-07-17,2026-06-22,U003
H00881,O0209,Closed Won,93000,2026-07-17,2026-07-17,U003
H00882,O0210,Discovery,86000,2025-11-29,2025-06-04,U002
H00883,O0210,Technical Validation,86000,2025-11-29,2025-06-26,U002
H00884,O0210,POC,86000,2025-11-29,2025-08-08,U002
H00885,O0210,Business Case,86000,2025-11-29,2025-09-01,U002
H00886,O0210,Business Case,86000,2025-12-29,2025-09-23,U002
H00887,O0210,Closed Lost,86000,2025-12-29,2025-12-29,U002
H00888,O0211,Discovery,131000,2026-11-20,2026-05-17,U003
H00889,O0211,Technical Validation,131000,2026-11-20,2026-07-01,U003
H00890,O0211,Closed Lost,131000,2026-10-07,2026-10-07,U003
H00891,O0212,Discovery,64000,2026-10-18,2026-04-07,U003
H00892,O0212,Technical Validation,64000,2026-10-18,2026-05-14,U003
H00893,O0212,POC,64000,2026-10-18,2026-06-15,U003
H00894,O0212,POC,64000,2026-11-17,2026-07-04,U003
H00895,O0212,Closed Lost,64000,2026-10-07,2026-10-07,U003
H00896,O0213,Discovery,181000,2026-04-14,2026-01-01,U014
H00897,O0213,Closed Lost,181000,2026-04-14,2026-04-14,U014
H00898,O0214,Discovery,40000,2026-02-04,2025-08-05,U015
H00899,O0214,Discovery,40000,2026-03-06,2025-09-18,U015
H00900,O0214,Closed Lost,40000,2026-03-06,2026-03-06,U015
H00901,O0215,Discovery,109000,2026-06-30,2025-11-15,U015
H00902,O0215,Technical Validation,109000,2026-06-30,2025-12-06,U015
H00903,O0215,POC,109000,2026-06-30,2026-01-13,U015
H00904,O0215,Business Case,109000,2026-06-30,2026-02-17,U015
H00905,O0215,Closed Won,109000,2026-06-30,2026-06-30,U015
H00906,O0216,Discovery,61000,2026-01-01,2025-06-22,U002
H00907,O0216,Technical Validation,61000,2026-01-01,2025-07-08,U002
H00908,O0216,Technical Validation,61000,2026-01-31,2025-07-24,U002
H00909,O0216,Closed Lost,61000,2026-01-31,2026-01-31,U002
H00910,O0217,Discovery,92000,2026-04-30,2025-11-30,U003
H00911,O0217,Technical Validation,92000,2026-04-30,2026-01-04,U003
H00912,O0217,POC,92000,2026-04-30,2026-02-04,U003
H00913,O0217,Business Case,92000,2026-04-30,2026-03-02,U003
H00914,O0217,Closed Won,92000,2026-04-30,2026-04-30,U003
H00915,O0218,Discovery,82000,2026-03-27,2025-08-24,U015
H00916,O0218,Closed Lost,82000,2026-03-27,2026-03-27,U015
H00917,O0219,Discovery,62000,2026-07-01,2026-01-11,U015
H00918,O0219,Technical Validation,62000,2026-07-01,2026-02-08,U015
H00919,O0219,POC,62000,2026-07-01,2026-03-17,U015
H00920,O0219,Business Case,62000,2026-07-01,2026-04-07,U015
H00921,O0219,Negotiation/Procurement,62000,2026-07-01,2026-05-02,U015
H00922,O0219,Closed Won,62000,2026-07-01,2026-07-01,U015
H00923,O0220,Discovery,188000,2026-11-16,2026-06-09,U015
H00924,O0220,Technical Validation,188000,2026-11-16,2026-06-27,U015
H00925,O0220,POC,188000,2026-11-16,2026-07-31,U015
H00926,O0220,Business Case,188000,2026-11-16,2026-09-06,U015
H00927,O0220,Negotiation/Procurement,188000,2026-11-16,2026-09-29,U015
H00928,O0220,Closed Lost,188000,2026-10-07,2026-10-07,U015
H00929,O0221,Discovery,67000,2026-04-03,2025-11-14,U015
H00930,O0221,Technical Validation,67000,2026-04-03,2025-11-28,U015
H00931,O0221,POC,67000,2026-04-03,2025-12-26,U015
H00932,O0221,Business Case,67000,2026-04-03,2026-01-09,U015
H00933,O0221,Business Case,67000,2026-05-03,2026-02-17,U015
H00934,O0221,Closed Won,67000,2026-05-03,2026-05-03,U015
H00935,O0222,Discovery,132000,2026-06-20,2025-10-24,U009
H00936,O0222,Technical Validation,132000,2026-06-20,2025-12-01,U009
H00937,O0222,POC,132000,2026-06-20,2026-01-02,U009
H00938,O0222,POC,132000,2026-07-20,2026-01-17,U009
H00939,O0222,Closed Lost,132000,2026-07-20,2026-07-20,U009
H00940,O0223,Discovery,186000,2025-12-20,2025-09-02,U015
H00941,O0223,Technical Validation,186000,2025-12-20,2025-09-26,U015
H00942,O0223,POC,186000,2025-12-20,2025-10-15,U015
H00943,O0223,Business Case,186000,2025-12-20,2025-11-02,U015
H00944,O0223,Closed Won,186000,2025-12-20,2025-12-20,U015
H00945,O0224,Discovery,45000,2026-07-12,2026-02-14,U015
H00946,O0224,POC,45000,2026-07-12,2026-03-10,U015
H00947,O0224,Business Case,45000,2026-07-12,2026-04-10,U015
H00948,O0224,Closed Lost,45000,2026-07-12,2026-07-12,U015
H00949,O0225,Discovery,129000,2026-02-04,2025-07-30,U002
H00950,O0225,Technical Validation,129000,2026-02-04,2025-08-28,U002
H00951,O0225,POC,129000,2026-02-04,2025-09-28,U002
H00952,O0225,Business Case,129000,2026-02-04,2025-10-11,U002
H00953,O0225,Negotiation/Procurement,129000,2026-02-04,2025-11-05,U002
H00954,O0225,Closed Lost,129000,2026-02-04,2026-02-04,U002
H00955,O0226,Discovery,157000,2026-07-23,2026-01-16,U003
H00956,O0226,Closed Lost,157000,2026-07-23,2026-07-23,U003
H00957,O0227,Discovery,100000,2027-03-15,2026-08-10,U002
H00958,O0227,Technical Validation,100000,2027-03-15,2026-08-29,U002
H00959,O0227,Business Case,100000,2027-03-15,2026-10-08,U002
H00960,O0228,Discovery,87000,2025-09-20,2025-05-27,U009
H00961,O0228,Technical Validation,87000,2025-09-20,2025-07-10,U009
H00962,O0228,Technical Validation,87000,2025-10-20,2025-07-21,U009
H00963,O0228,Technical Validation,87000,2025-11-19,2025-07-21,U009
H00964,O0228,Closed Lost,87000,2025-11-19,2025-11-19,U009
H00965,O0229,Discovery,80000,2027-02-07,2026-08-24,U002
H00966,O0229,Technical Validation,80000,2027-02-07,2026-09-11,U002
H00967,O0230,Discovery,82000,2026-08-16,2026-04-03,U003
H00968,O0230,Technical Validation,82000,2026-08-16,2026-05-17,U003
H00969,O0230,POC,82000,2026-08-16,2026-05-27,U003
H00970,O0230,Business Case,82000,2026-08-16,2026-06-29,U003
H00971,O0230,Closed Won,82000,2026-08-16,2026-08-16,U003
H00972,O0231,Discovery,91000,2026-04-28,2026-01-01,U002
H00973,O0231,Technical Validation,91000,2026-04-28,2026-01-11,U002
H00974,O0231,POC,91000,2026-04-28,2026-01-22,U002
H00975,O0231,Closed Lost,91000,2026-04-28,2026-04-28,U002
H00976,O0232,Discovery,175000,2026-04-05,2025-09-21,U009
H00977,O0232,Closed Lost,175000,2026-04-05,2026-04-05,U009
H00978,O0233,Discovery,85000,2026-08-21,2025-12-26,U002
H00979,O0233,Technical Validation,85000,2026-08-21,2026-02-05,U002
H00980,O0233,Closed Lost,85000,2026-08-21,2026-08-21,U002
H00981,O0234,Discovery,176000,2026-06-10,2026-02-18,U014
H00982,O0234,Technical Validation,176000,2026-06-10,2026-04-03,U014
H00983,O0234,POC,176000,2026-06-10,2026-05-01,U014
H00984,O0234,Business Case,176000,2026-06-10,2026-06-07,U014
H00985,O0234,Business Case,176000,2026-07-10,2026-07-10,U014
H00986,O0234,Closed Lost,176000,2026-07-10,2026-07-10,U014
H00987,O0235,Discovery,47000,2027-04-07,2026-09-06,U009
H00988,O0236,Discovery,132000,2026-11-11,2026-03-31,U002
H00989,O0236,Technical Validation,132000,2026-11-11,2026-04-20,U002
H00990,O0236,POC,132000,2026-11-11,2026-05-13,U002
H00991,O0236,Business Case,132000,2026-11-11,2026-05-29,U002
H00992,O0236,Negotiation/Procurement,132000,2026-11-11,2026-06-27,U002
H00993,O0236,Closed Won,132000,2026-10-07,2026-10-07,U002
H00994,O0237,Discovery,49000,2027-04-30,2026-09-12,U002
H00995,O0237,Technical Validation,49000,2027-04-30,2026-09-24,U002
H00996,O0238,Discovery,60000,2026-11-27,2026-04-22,U008
H00997,O0238,Technical Validation,60000,2026-11-27,2026-05-23,U008
H00998,O0238,POC,60000,2026-11-27,2026-06-04,U008
H00999,O0238,Business Case,60000,2026-11-27,2026-07-11,U008
H01000,O0238,Closed Lost,60000,2026-10-07,2026-10-07,U008
H01001,O0239,Discovery,71000,2027-03-24,2026-09-15,U008
H01002,O0240,Discovery,64000,2026-05-06,2025-11-20,U002
H01003,O0240,Technical Validation,64000,2026-05-06,2025-12-19,U002
H01004,O0240,POC,64000,2026-05-06,2026-01-23,U002
H01005,O0240,POC,64000,2026-06-05,2026-02-06,U002
H01006,O0240,POC,64000,2026-07-05,2026-02-06,U002
H01007,O0240,POC,64000,2026-08-04,2026-02-06,U002
H01008,O0240,Closed Lost,64000,2026-08-04,2026-08-04,U002
H01009,O0241,Discovery,168000,2025-11-20,2025-06-08,U015
H01010,O0241,Discovery,168000,2025-12-20,2025-07-04,U015
H01011,O0241,Closed Lost,168000,2025-12-20,2025-12-20,U015
H01012,O0242,Discovery,172000,2025-12-26,2025-08-03,U014
H01013,O0242,Technical Validation,172000,2025-12-26,2025-08-17,U014
H01014,O0242,POC,172000,2025-12-26,2025-09-10,U014
H01015,O0242,Business Case,172000,2025-12-26,2025-09-29,U014
H01016,O0242,Negotiation/Procurement,172000,2025-12-26,2025-10-15,U014
H01017,O0242,Negotiation/Procurement,172000,2026-01-25,2025-11-27,U014
H01018,O0242,Closed Lost,172000,2026-01-25,2026-01-25,U014
H01019,O0243,Discovery,61000,2026-11-24,2026-05-08,U003
H01020,O0243,Technical Validation,61000,2026-11-24,2026-05-21,U003
H01021,O0243,Closed Lost,61000,2026-10-07,2026-10-07,U003
H01022,O0244,Discovery,95000,2026-12-05,2026-06-10,U002
H01023,O0244,Technical Validation,95000,2026-12-05,2026-06-26,U002
H01024,O0244,POC,95000,2026-12-05,2026-07-14,U002
H01025,O0245,Discovery,57000,2026-01-14,2025-06-17,U014
H01026,O0245,Technical Validation,57000,2026-01-14,2025-07-07,U014
H01027,O0245,POC,57000,2026-01-14,2025-08-03,U014
H01028,O0245,Closed Lost,57000,2026-01-14,2026-01-14,U014
H01029,O0246,Discovery,159000,2026-11-13,2026-04-10,U008
H01030,O0246,Technical Validation,159000,2026-11-13,2026-05-12,U008
H01031,O0246,Technical Validation,159000,2026-12-13,2026-06-03,U008
H01032,O0246,Closed Lost,159000,2026-10-07,2026-10-07,U008
H01033,O0247,Discovery,124000,2027-04-04,2026-09-28,U003
H01034,O0247,Discovery,124000,2027-05-04,2026-10-08,U003
H01035,O0248,Discovery,32000,2027-01-31,2026-07-12,U015
H01036,O0248,Technical Validation,32000,2027-01-31,2026-08-13,U015
H01037,O0248,POC,32000,2027-01-31,2026-08-27,U015
H01038,O0248,Business Case,32000,2027-01-31,2026-09-18,U015
H01039,O0249,Discovery,75000,2026-02-11,2025-09-02,U003
H01040,O0249,Technical Validation,75000,2026-02-11,2025-09-29,U003
H01041,O0249,POC,75000,2026-02-11,2025-10-26,U003
H01042,O0249,Business Case,75000,2026-02-11,2025-12-04,U003
H01043,O0249,Closed Won,75000,2026-02-11,2026-02-11,U003
H01044,O0250,Discovery,73000,2027-01-25,2026-08-25,U003
H01045,O0250,Technical Validation,73000,2027-01-25,2026-09-16,U003
H01046,O0251,Discovery,75000,2025-11-12,2025-07-26,U014
H01047,O0251,Technical Validation,75000,2025-11-12,2025-08-21,U014
H01048,O0251,POC,75000,2025-11-12,2025-09-17,U014
H01049,O0251,Business Case,75000,2025-11-12,2025-10-18,U014
H01050,O0251,Business Case,75000,2025-12-12,2025-11-20,U014
H01051,O0251,Business Case,75000,2026-01-11,2025-11-20,U014
H01052,O0251,Closed Won,75000,2026-01-11,2026-01-11,U014
H01053,O0252,Discovery,50000,2026-11-13,2026-07-10,U009
H01054,O0252,Technical Validation,50000,2026-11-13,2026-08-13,U009
H01055,O0252,POC,50000,2026-11-13,2026-09-08,U009
H01056,O0252,POC,50000,2026-12-13,2026-09-19,U009
H01057,O0252,Closed Lost,50000,2026-10-07,2026-10-07,U009
H01058,O0253,Discovery,124000,2026-12-13,2026-05-21,U014
H01059,O0253,Closed Lost,124000,2026-10-07,2026-10-07,U014
H01060,O0254,Discovery,167000,2025-11-26,2025-06-18,U015
H01061,O0254,Technical Validation,167000,2025-11-26,2025-07-20,U015
H01062,O0254,Closed Lost,167000,2025-11-26,2025-11-26,U015
H01063,O0255,Discovery,173000,2025-10-20,2025-05-23,U008
H01064,O0255,Technical Validation,173000,2025-10-20,2025-06-02,U008
H01065,O0255,POC,173000,2025-10-20,2025-06-20,U008
H01066,O0255,Business Case,173000,2025-10-20,2025-07-26,U008
H01067,O0255,Negotiation/Procurement,173000,2025-10-20,2025-08-13,U008
H01068,O0255,Negotiation/Procurement,173000,2025-11-19,2025-08-24,U008
H01069,O0255,Closed Won,173000,2025-11-19,2025-11-19,U008
H01070,O0256,Discovery,159000,2027-02-25,2026-07-08,U015
H01071,O0256,Technical Validation,159000,2027-02-25,2026-08-22,U015
H01072,O0256,POC,159000,2027-02-25,2026-09-12,U015
H01073,O0256,Closed Lost,159000,2026-10-07,2026-10-07,U015
H01074,O0257,Discovery,99000,2026-12-01,2026-04-18,U003
H01075,O0257,Technical Validation,99000,2026-12-01,2026-05-31,U003
H01076,O0257,POC,99000,2026-12-01,2026-06-14,U003
H01077,O0257,Closed Lost,99000,2026-10-07,2026-10-07,U003
H01078,O0258,Discovery,156000,2026-11-27,2026-07-17,U002
H01079,O0258,Technical Validation,156000,2026-11-27,2026-08-26,U002
H01080,O0258,Closed Lost,156000,2026-10-07,2026-10-07,U002
H01081,O0259,Discovery,63000,2025-12-02,2025-08-20,U002
H01082,O0259,POC,63000,2025-12-02,2025-09-20,U002
H01083,O0259,Business Case,63000,2025-12-02,2025-11-03,U002
H01084,O0259,Negotiation/Procurement,63000,2025-12-02,2025-11-13,U002
H01085,O0259,Negotiation/Procurement,63000,2026-01-01,2025-12-16,U002
H01086,O0259,Closed Won,63000,2026-01-01,2026-01-01,U002
H01087,O0260,Discovery,66000,2026-05-13,2025-12-26,U002
H01088,O0260,Technical Validation,66000,2026-05-13,2026-01-22,U002
H01089,O0260,POC,66000,2026-05-13,2026-02-03,U002
H01090,O0260,Closed Lost,66000,2026-05-13,2026-05-13,U002
H01091,O0261,Discovery,171000,2026-03-06,2025-11-27,U003
H01092,O0261,Technical Validation,171000,2026-03-06,2026-01-11,U003
H01093,O0261,POC,171000,2026-03-06,2026-02-01,U003
H01094,O0261,Business Case,171000,2026-03-06,2026-02-20,U003
H01095,O0261,Closed Won,171000,2026-03-06,2026-03-06,U003
H01096,O0262,Discovery,144000,2027-02-01,2026-07-13,U015
H01097,O0262,Technical Validation,144000,2027-02-01,2026-08-26,U015
H01098,O0262,Technical Validation,144000,2027-03-03,2026-09-19,U015
H01099,O0262,Technical Validation,144000,2027-04-02,2026-09-19,U015
H01100,O0262,Closed Lost,144000,2026-10-07,2026-10-07,U015
H01101,O0263,Discovery,126000,2027-02-16,2026-09-20,U003
H01102,O0263,Technical Validation,126000,2027-02-16,2026-10-06,U003
H01103,O0264,Discovery,95000,2027-03-21,2026-09-16,U014
H01104,O0265,Discovery,62000,2027-03-04,2026-07-28,U008
H01105,O0265,Technical Validation,62000,2027-03-04,2026-08-27,U008
H01106,O0266,Discovery,47000,2025-11-30,2025-05-25,U003
H01107,O0266,Technical Validation,47000,2025-11-30,2025-06-19,U003
H01108,O0266,Closed Lost,47000,2025-11-30,2025-11-30,U003
H01109,O0267,Discovery,300000,2025-11-18,2025-07-03,U015
H01110,O0267,Technical Validation,300000,2025-11-18,2025-07-19,U015
H01111,O0267,POC,300000,2025-11-18,2025-08-14,U015
H01112,O0267,Business Case,300000,2025-11-18,2025-08-31,U015
H01113,O0267,Business Case,300000,2025-12-18,2025-09-26,U015
H01114,O0267,Closed Lost,300000,2025-12-18,2025-12-18,U015
H01115,O0268,Discovery,83000,2026-12-21,2026-08-30,U002
H01116,O0268,Technical Validation,83000,2026-12-21,2026-09-29,U002
H01117,O0269,Discovery,132000,2025-10-30,2025-06-03,U009
H01118,O0269,Technical Validation,132000,2025-10-30,2025-07-03,U009
H01119,O0269,POC,132000,2025-10-30,2025-08-12,U009
H01120,O0269,Closed Lost,132000,2025-10-30,2025-10-30,U009
H01121,O0270,Discovery,316000,2025-12-02,2025-05-19,U003
H01122,O0270,Technical Validation,316000,2025-12-02,2025-06-10,U003
H01123,O0270,POC,316000,2025-12-02,2025-07-01,U003
H01124,O0270,POC,316000,2026-01-01,2025-07-27,U003
H01125,O0270,Closed Lost,316000,2026-01-01,2026-01-01,U003
H01126,O0271,Discovery,331000,2027-01-16,2026-06-07,U002
H01127,O0271,Discovery,331000,2027-02-15,2026-07-10,U002
H01128,O0272,Discovery,79000,2027-01-03,2026-06-22,U014
H01129,O0272,Technical Validation,79000,2027-01-03,2026-08-01,U014
H01130,O0272,POC,79000,2027-01-03,2026-08-17,U014
H01131,O0272,POC,79000,2027-02-02,2026-09-30,U014
H01132,O0273,Discovery,118000,2026-05-09,2025-12-06,U015
H01133,O0273,Technical Validation,118000,2026-05-09,2025-12-16,U015
H01134,O0273,POC,118000,2026-05-09,2025-12-26,U015
H01135,O0273,Business Case,118000,2026-05-09,2026-01-11,U015
H01136,O0273,Closed Won,118000,2026-05-09,2026-05-09,U015
H01137,O0274,Discovery,135000,2026-09-17,2026-04-10,U014
H01138,O0274,POC,135000,2026-09-17,2026-04-23,U014
H01139,O0274,Closed Lost,135000,2026-09-17,2026-09-17,U014
H01140,O0275,Discovery,75000,2026-12-08,2026-04-26,U002
H01141,O0275,Discovery,75000,2027-01-07,2026-05-09,U002
H01142,O0275,Closed Lost,75000,2026-10-07,2026-10-07,U002
H01143,O0276,Discovery,84000,2026-05-26,2026-02-19,U014
H01144,O0276,Closed Lost,84000,2026-05-26,2026-05-26,U014
H01145,O0277,Discovery,60000,2026-02-26,2025-09-12,U003
H01146,O0277,Technical Validation,60000,2026-02-26,2025-10-24,U003
H01147,O0277,Business Case,60000,2026-02-26,2025-11-07,U003
H01148,O0277,Negotiation/Procurement,60000,2026-02-26,2025-12-19,U003
H01149,O0277,Negotiation/Procurement,60000,2026-03-28,2026-01-10,U003
H01150,O0277,Negotiation/Procurement,60000,2026-04-27,2026-01-10,U003
H01151,O0277,Closed Won,60000,2026-04-27,2026-04-27,U003
H01152,O0278,Discovery,181000,2025-12-29,2025-08-07,U009
H01153,O0278,Technical Validation,181000,2025-12-29,2025-09-13,U009
H01154,O0278,Technical Validation,181000,2026-01-28,2025-09-28,U009
H01155,O0278,Technical Validation,181000,2026-02-27,2025-09-28,U009
H01156,O0278,Closed Lost,181000,2026-02-27,2026-02-27,U009
H01157,O0279,Discovery,121000,2026-11-13,2026-04-08,U003
H01158,O0279,Technical Validation,121000,2026-11-13,2026-05-04,U003
H01159,O0279,POC,121000,2026-11-13,2026-05-21,U003
H01160,O0279,Business Case,121000,2026-11-13,2026-06-19,U003
H01161,O0279,Negotiation/Procurement,121000,2026-11-13,2026-07-28,U003
H01162,O0279,Negotiation/Procurement,121000,2026-12-13,2026-08-31,U003
H01163,O0279,Negotiation/Procurement,121000,2027-01-12,2026-08-31,U003
H01164,O0279,Closed Won,121000,2026-10-07,2026-10-07,U003
H01165,O0280,Discovery,66000,2026-08-04,2026-01-22,U014
H01166,O0280,Technical Validation,66000,2026-08-04,2026-02-18,U014
H01167,O0280,POC,66000,2026-08-04,2026-03-04,U014
H01168,O0280,Business Case,66000,2026-08-04,2026-04-16,U014
H01169,O0280,Closed Won,66000,2026-08-04,2026-08-04,U014
H01170,O0281,Discovery,86000,2026-03-26,2025-11-14,U002
H01171,O0281,Technical Validation,86000,2026-03-26,2025-12-22,U002
H01172,O0281,POC,86000,2026-03-26,2026-02-02,U002
H01173,O0281,Business Case,86000,2026-03-26,2026-02-12,U002
H01174,O0281,Negotiation/Procurement,86000,2026-03-26,2026-02-26,U002
H01175,O0281,Closed Won,86000,2026-03-26,2026-03-26,U002
H01176,O0282,Discovery,90000,2026-03-24,2025-12-07,U015
H01177,O0282,Technical Validation,90000,2026-03-24,2026-01-13,U015
H01178,O0282,POC,90000,2026-03-24,2026-02-15,U015
H01179,O0282,POC,90000,2026-04-23,2026-03-10,U015
H01180,O0282,Closed Lost,90000,2026-04-23,2026-04-23,U015
H01181,O0283,Discovery,93000,2027-02-25,2026-08-06,U003
H01182,O0283,POC,93000,2027-02-25,2026-09-05,U003
H01183,O0284,Discovery,49000,2025-11-03,2025-05-08,U002
H01184,O0284,Technical Validation,49000,2025-11-03,2025-05-22,U002
H01185,O0284,POC,49000,2025-11-03,2025-06-06,U002
H01186,O0284,Business Case,49000,2025-11-03,2025-07-20,U002
H01187,O0284,Closed Lost,49000,2025-11-03,2025-11-03,U002
H01188,O0285,Discovery,45000,2027-02-05,2026-08-31,U002
H01189,O0285,POC,45000,2027-02-05,2026-10-02,U002
H01190,O0285,POC,45000,2027-03-07,2026-10-08,U002
H01191,O0285,POC,45000,2027-04-06,2026-10-08,U002
H01192,O0286,Discovery,77000,2025-12-04,2025-06-27,U008
H01193,O0286,Technical Validation,77000,2025-12-04,2025-08-09,U008
H01194,O0286,POC,77000,2025-12-04,2025-08-29,U008
H01195,O0286,Business Case,77000,2025-12-04,2025-10-09,U008
H01196,O0286,Negotiation/Procurement,77000,2025-12-04,2025-11-16,U008
H01197,O0286,Negotiation/Procurement,77000,2026-01-03,2025-12-19,U008
H01198,O0286,Negotiation/Procurement,77000,2026-02-02,2025-12-19,U008
H01199,O0286,Closed Lost,77000,2026-02-02,2026-02-02,U008
H01200,O0287,Discovery,165000,2027-01-22,2026-07-20,U009
H01201,O0287,Technical Validation,165000,2027-01-22,2026-08-28,U009
H01202,O0287,Closed Lost,165000,2026-10-07,2026-10-07,U009
H01203,O0288,Discovery,385000,2026-02-25,2025-08-01,U003
H01204,O0288,POC,385000,2026-02-25,2025-08-12,U003
H01205,O0288,Business Case,385000,2026-02-25,2025-09-26,U003
H01206,O0288,Closed Won,385000,2026-02-25,2026-02-25,U003
H01207,O0289,Discovery,74000,2025-10-13,2025-05-21,U015
H01208,O0289,Closed Lost,74000,2025-10-13,2025-10-13,U015
H01209,O0290,Discovery,153000,2026-05-18,2025-12-03,U008
H01210,O0290,Technical Validation,153000,2026-05-18,2025-12-23,U008
H01211,O0290,POC,153000,2026-05-18,2026-01-31,U008
H01212,O0290,POC,153000,2026-06-17,2026-02-18,U008
H01213,O0290,POC,153000,2026-07-17,2026-02-18,U008
H01214,O0290,Closed Lost,153000,2026-07-17,2026-07-17,U008
H01215,O0291,Discovery,136000,2027-02-10,2026-07-03,U014
H01216,O0291,Discovery,136000,2027-03-12,2026-07-22,U014
H01217,O0291,Discovery,136000,2027-04-11,2026-07-22,U014
H01218,O0291,Closed Lost,136000,2026-10-07,2026-10-07,U014
H01219,O0292,Discovery,188000,2026-08-24,2026-04-26,U002
H01220,O0292,Technical Validation,188000,2026-08-24,2026-05-11,U002
H01221,O0292,POC,188000,2026-08-24,2026-06-15,U002
H01222,O0292,Business Case,188000,2026-08-24,2026-07-17,U002
H01223,O0292,Closed Won,188000,2026-08-24,2026-08-24,U002
H01224,O0293,Discovery,108000,2026-03-13,2025-11-30,U003
H01225,O0293,Closed Lost,108000,2026-03-13,2026-03-13,U003
H01226,O0294,Discovery,31000,2026-03-03,2025-10-10,U015
H01227,O0294,Technical Validation,31000,2026-03-03,2025-11-23,U015
H01228,O0294,POC,31000,2026-03-03,2025-12-05,U015
H01229,O0294,POC,31000,2026-04-02,2025-12-16,U015
H01230,O0294,POC,31000,2026-05-02,2025-12-16,U015
H01231,O0294,Closed Lost,31000,2026-05-02,2026-05-02,U015
H01232,O0295,Discovery,172000,2025-11-21,2025-08-20,U008
H01233,O0295,Closed Lost,172000,2025-11-21,2025-11-21,U008
H01234,O0296,Discovery,160000,2025-10-21,2025-04-07,U002
H01235,O0296,Technical Validation,160000,2025-10-21,2025-05-21,U002
H01236,O0296,POC,160000,2025-10-21,2025-06-02,U002
H01237,O0296,Business Case,160000,2025-10-21,2025-06-13,U002
H01238,O0296,Closed Won,160000,2025-10-21,2025-10-21,U002
H01239,O0297,Discovery,182000,2025-12-03,2025-05-03,U015
H01240,O0297,Discovery,182000,2026-01-02,2025-05-16,U015
H01241,O0297,Discovery,182000,2026-02-01,2025-05-16,U015
H01242,O0297,Discovery,182000,2026-03-03,2025-05-16,U015
H01243,O0297,Closed Lost,182000,2026-03-03,2026-03-03,U015
H01244,O0298,Discovery,74000,2025-07-28,2025-04-15,U003
H01245,O0298,Technical Validation,74000,2025-07-28,2025-05-15,U003
H01246,O0298,POC,74000,2025-07-28,2025-06-05,U003
H01247,O0298,Business Case,74000,2025-07-28,2025-07-01,U003
H01248,O0298,Negotiation/Procurement,74000,2025-07-28,2025-07-20,U003
H01249,O0298,Closed Lost,74000,2025-07-28,2025-07-28,U003
H01250,O0299,Discovery,75000,2026-05-03,2025-12-20,U015
H01251,O0299,Discovery,75000,2026-06-02,2026-01-18,U015
H01252,O0299,Closed Lost,75000,2026-06-02,2026-06-02,U015
H01253,O0300,Discovery,71000,2025-11-18,2025-04-17,U003
H01254,O0300,Technical Validation,71000,2025-11-18,2025-05-24,U003
H01255,O0300,Closed Lost,71000,2025-11-18,2025-11-18,U003
H01256,O0301,Discovery,170000,2027-04-28,2026-09-08,U003
H01257,O0301,Technical Validation,170000,2027-04-28,2026-09-18,U003
H01258,O0302,Discovery,145000,2026-05-15,2025-10-20,U009
H01259,O0302,Technical Validation,145000,2026-05-15,2025-12-01,U009
H01260,O0302,POC,145000,2026-05-15,2025-12-30,U009
H01261,O0302,POC,145000,2026-06-14,2026-01-23,U009
H01262,O0302,POC,145000,2026-07-14,2026-01-23,U009
H01263,O0302,Closed Lost,145000,2026-07-14,2026-07-14,U009
H01264,O0303,Discovery,94000,2026-04-29,2025-10-21,U014
H01265,O0303,Technical Validation,94000,2026-04-29,2025-11-13,U014
H01266,O0303,Closed Lost,94000,2026-04-29,2026-04-29,U014
H01267,O0304,Discovery,341000,2025-12-19,2025-07-09,U003
H01268,O0304,POC,341000,2025-12-19,2025-08-10,U003
H01269,O0304,Business Case,341000,2025-12-19,2025-09-17,U003
H01270,O0304,Negotiation/Procurement,341000,2025-12-19,2025-10-12,U003
H01271,O0304,Negotiation/Procurement,341000,2026-01-18,2025-11-17,U003
H01272,O0304,Negotiation/Procurement,341000,2026-02-17,2025-11-17,U003
H01273,O0304,Negotiation/Procurement,341000,2026-03-19,2025-11-17,U003
H01274,O0304,Closed Lost,341000,2026-03-19,2026-03-19,U003
H01275,O0305,Discovery,170000,2025-10-13,2025-04-04,U009
H01276,O0305,Technical Validation,170000,2025-10-13,2025-04-22,U009
H01277,O0305,Technical Validation,170000,2025-11-12,2025-05-30,U009
H01278,O0305,Closed Lost,170000,2025-11-12,2025-11-12,U009
H01279,O0306,Discovery,171000,2027-01-18,2026-08-14,U015
H01280,O0306,POC,171000,2027-01-18,2026-08-24,U015
H01281,O0307,Discovery,157000,2026-11-13,2026-04-24,U002
H01282,O0307,Technical Validation,157000,2026-11-13,2026-05-08,U002
H01283,O0307,POC,157000,2026-11-13,2026-05-31,U002
H01284,O0307,Business Case,157000,2026-11-13,2026-06-12,U002
H01285,O0307,Negotiation/Procurement,157000,2026-11-13,2026-07-06,U002
H01286,O0307,Closed Lost,157000,2026-10-07,2026-10-07,U002
H01287,O0308,Discovery,88000,2026-05-04,2026-01-25,U015
H01288,O0308,POC,88000,2026-05-04,2026-02-07,U015
H01289,O0308,Closed Lost,88000,2026-05-04,2026-05-04,U015
H01290,O0309,Discovery,68000,2026-01-25,2025-10-21,U014
H01291,O0309,Technical Validation,68000,2026-01-25,2025-11-10,U014
H01292,O0309,POC,68000,2026-01-25,2025-11-21,U014
H01293,O0309,Business Case,68000,2026-01-25,2025-12-29,U014
H01294,O0309,Closed Lost,68000,2026-01-25,2026-01-25,U014
H01295,O0310,Discovery,117000,2025-11-19,2025-06-25,U003
H01296,O0310,Technical Validation,117000,2025-11-19,2025-07-12,U003
H01297,O0310,Closed Lost,117000,2025-11-19,2025-11-19,U003
H01298,O0311,Discovery,141000,2026-02-21,2025-11-20,U015
H01299,O0311,Technical Validation,141000,2026-02-21,2025-12-02,U015
H01300,O0311,POC,141000,2026-02-21,2026-01-12,U015
H01301,O0311,Business Case,141000,2026-02-21,2026-02-15,U015
H01302,O0311,Closed Won,141000,2026-02-21,2026-02-21,U015
H01303,O0312,Discovery,179000,2026-07-25,2025-12-07,U002
H01304,O0312,Technical Validation,179000,2026-07-25,2026-01-21,U002
H01305,O0312,POC,179000,2026-07-25,2026-02-05,U002
H01306,O0312,Closed Lost,179000,2026-07-25,2026-07-25,U002
H01307,O0313,Discovery,50000,2026-06-08,2026-02-12,U014
H01308,O0313,Discovery,50000,2026-07-08,2026-03-09,U014
H01309,O0313,Closed Lost,50000,2026-07-08,2026-07-08,U014
H01310,O0314,Discovery,182000,2026-12-27,2026-07-18,U003
H01311,O0314,Technical Validation,182000,2026-12-27,2026-07-28,U003
H01312,O0314,Technical Validation,182000,2027-01-26,2026-09-10,U003
H01313,O0315,Discovery,80000,2026-09-19,2026-03-10,U015
H01314,O0315,Discovery,80000,2026-10-19,2026-04-06,U015
H01315,O0315,Closed Lost,80000,2026-10-07,2026-10-07,U015
H01316,O0316,Discovery,84000,2026-11-03,2026-08-02,U003
H01317,O0317,Discovery,164000,2027-02-16,2026-09-12,U015
H01318,O0317,Technical Validation,164000,2027-02-16,2026-09-22,U015
H01319,O0318,Discovery,71000,2025-10-15,2025-06-11,U014
H01320,O0318,Technical Validation,71000,2025-10-15,2025-07-08,U014
H01321,O0318,POC,71000,2025-10-15,2025-08-05,U014
H01322,O0318,Business Case,71000,2025-10-15,2025-09-11,U014
H01323,O0318,Business Case,71000,2025-11-14,2025-10-02,U014
H01324,O0318,Closed Lost,71000,2025-11-14,2025-11-14,U014
H01325,O0319,Discovery,177000,2025-11-29,2025-08-10,U014
H01326,O0319,Technical Validation,177000,2025-11-29,2025-09-19,U014
H01327,O0319,POC,177000,2025-11-29,2025-10-07,U014
H01328,O0319,Closed Lost,177000,2025-11-29,2025-11-29,U014
H01329,O0320,Discovery,181000,2026-05-24,2025-12-28,U015
H01330,O0320,Technical Validation,181000,2026-05-24,2026-02-01,U015
H01331,O0320,POC,181000,2026-05-24,2026-02-14,U015
H01332,O0320,Business Case,181000,2026-05-24,2026-03-22,U015
H01333,O0320,Closed Won,181000,2026-05-24,2026-05-24,U015
H01334,O0321,Discovery,157000,2026-09-16,2026-02-09,U003
H01335,O0321,Technical Validation,157000,2026-09-16,2026-03-20,U003
H01336,O0321,POC,157000,2026-09-16,2026-04-02,U003
H01337,O0321,Business Case,157000,2026-09-16,2026-04-13,U003
H01338,O0321,Business Case,157000,2026-10-16,2026-05-21,U003
H01339,O0321,Business Case,157000,2026-11-15,2026-05-21,U003
H01340,O0321,Closed Won,157000,2026-10-07,2026-10-07,U003
H01341,O0322,Discovery,79000,2026-04-04,2025-08-27,U003
H01342,O0322,Technical Validation,79000,2026-04-04,2025-09-07,U003
H01343,O0322,POC,79000,2026-04-04,2025-09-20,U003
H01344,O0322,Business Case,79000,2026-04-04,2025-11-03,U003
H01345,O0322,Negotiation/Procurement,79000,2026-04-04,2025-12-17,U003
H01346,O0322,Negotiation/Procurement,79000,2026-05-04,2026-01-02,U003
H01347,O0322,Closed Won,79000,2026-05-04,2026-05-04,U003
H01348,O0323,Discovery,77000,2026-01-15,2025-10-02,U008
H01349,O0323,Technical Validation,77000,2026-01-15,2025-11-08,U008
H01350,O0323,POC,77000,2026-01-15,2025-11-23,U008
H01351,O0323,Business Case,77000,2026-01-15,2025-12-18,U008
H01352,O0323,Closed Won,77000,2026-01-15,2026-01-15,U008
H01353,O0323,Negotiation/Procurement,77000,2026-01-15,2026-02-01,U008
H01354,O0324,Discovery,133000,2026-01-17,2025-08-26,U002
H01355,O0324,Technical Validation,133000,2026-01-17,2025-10-01,U002
H01356,O0324,POC,133000,2026-01-17,2025-11-10,U002
H01357,O0324,Business Case,133000,2026-01-17,2025-12-10,U002
H01358,O0324,Negotiation/Procurement,133000,2026-01-17,2026-01-16,U002
H01359,O0324,Closed Lost,133000,2026-01-17,2026-01-17,U002
H01360,O0325,Discovery,137000,2027-01-13,2026-09-25,U015
H01361,O0325,Discovery,137000,2027-02-12,2026-10-08,U015
H01362,O0326,Discovery,117000,2026-12-02,2026-06-29,U003
H01363,O0326,Technical Validation,117000,2026-12-02,2026-08-06,U003
H01364,O0326,POC,117000,2026-12-02,2026-08-25,U003
H01365,O0326,Business Case,117000,2026-12-02,2026-09-30,U003
H01366,O0326,Business Case,117000,2027-01-01,2026-10-08,U003
H01367,O0327,Discovery,186000,2026-09-11,2026-06-01,U003
H01368,O0327,Technical Validation,186000,2026-09-11,2026-07-11,U003
H01369,O0327,Technical Validation,186000,2026-10-11,2026-08-15,U003
H01370,O0327,Closed Lost,186000,2026-10-07,2026-10-07,U003
H01371,O0328,Discovery,191000,2027-02-17,2026-08-07,U009
H01372,O0328,Technical Validation,191000,2027-02-17,2026-08-28,U009
H01373,O0328,POC,191000,2027-02-17,2026-09-24,U009
H01374,O0328,POC,191000,2027-03-19,2026-10-08,U009
H01375,O0329,Discovery,168000,2026-01-17,2025-08-11,U002
H01376,O0329,Discovery,168000,2026-02-16,2025-08-31,U002
H01377,O0329,Discovery,168000,2026-03-18,2025-08-31,U002
H01378,O0329,Closed Lost,168000,2026-03-18,2026-03-18,U002
H01379,O0330,Discovery,44000,2026-03-29,2025-12-14,U002
H01380,O0330,Technical Validation,44000,2026-03-29,2025-12-27,U002
H01381,O0330,POC,44000,2026-03-29,2026-02-08,U002
H01382,O0330,Closed Lost,44000,2026-03-29,2026-03-29,U002
H01383,O0331,Discovery,159000,2026-11-19,2026-04-04,U009
H01384,O0331,Technical Validation,159000,2026-11-19,2026-04-26,U009
H01385,O0331,Closed Lost,159000,2026-10-07,2026-10-07,U009
H01386,O0332,Discovery,30000,2027-01-26,2026-06-28,U002
H01387,O0332,Discovery,30000,2027-02-25,2026-08-02,U002
H01388,O0332,Closed Lost,30000,2026-10-07,2026-10-07,U002
H01389,O0333,Discovery,77000,2026-05-08,2025-11-27,U008
H01390,O0333,Technical Validation,77000,2026-05-08,2025-12-11,U008
H01391,O0333,Technical Validation,77000,2026-06-07,2026-01-19,U008
H01392,O0333,Closed Lost,77000,2026-06-07,2026-06-07,U008
H01393,O0334,Discovery,97000,2025-08-11,2025-05-07,U014
H01394,O0334,Technical Validation,97000,2025-08-11,2025-05-23,U014
H01395,O0334,POC,97000,2025-08-11,2025-06-12,U014
H01396,O0334,Business Case,97000,2025-08-11,2025-07-22,U014
H01397,O0334,Business Case,97000,2025-09-10,2025-08-08,U014
H01398,O0334,Closed Won,97000,2025-09-10,2025-09-10,U014
H01399,O0335,Discovery,72000,2026-12-26,2026-06-30,U008
H01400,O0335,Technical Validation,72000,2026-12-26,2026-07-20,U008
H01401,O0336,Discovery,188000,2026-09-20,2026-03-20,U009
H01402,O0336,Closed Lost,188000,2026-09-20,2026-09-20,U009
H01403,O0337,Discovery,109000,2026-05-27,2026-01-17,U002
H01404,O0337,Technical Validation,109000,2026-05-27,2026-03-01,U002
H01405,O0337,POC,109000,2026-05-27,2026-04-02,U002
H01406,O0337,Business Case,109000,2026-05-27,2026-04-26,U002
H01407,O0337,Business Case,109000,2026-06-26,2026-05-30,U002
H01408,O0337,Business Case,109000,2026-07-26,2026-05-30,U002
H01409,O0337,Closed Lost,109000,2026-07-26,2026-07-26,U002
H01410,O0338,Discovery,166000,2027-02-06,2026-07-26,U002
H01411,O0338,Technical Validation,166000,2027-02-06,2026-08-19,U002
H01412,O0338,Technical Validation,166000,2027-03-08,2026-09-20,U002
H01413,O0339,Discovery,124000,2026-03-23,2025-08-23,U015
H01414,O0339,Technical Validation,124000,2026-03-23,2025-10-05,U015
H01415,O0339,POC,124000,2026-03-23,2025-10-28,U015
H01416,O0339,POC,124000,2026-04-22,2025-11-08,U015
H01417,O0339,POC,124000,2026-05-22,2025-11-08,U015
H01418,O0339,Closed Won,124000,2026-05-22,2026-05-22,U015
H01419,O0340,Discovery,75000,2026-12-09,2026-07-31,U002
H01420,O0340,Technical Validation,75000,2026-12-09,2026-09-08,U002
H01421,O0340,Technical Validation,75000,2027-01-08,2026-10-08,U002
H01422,O0341,Discovery,51000,2025-10-12,2025-05-01,U014
H01423,O0341,Discovery,51000,2025-11-11,2025-05-11,U014
H01424,O0341,Closed Lost,51000,2025-11-11,2025-11-11,U014
H01425,O0342,Discovery,124000,2026-04-24,2025-11-07,U009
H01426,O0342,Technical Validation,124000,2026-04-24,2025-12-03,U009
H01427,O0342,POC,124000,2026-04-24,2026-01-01,U009
H01428,O0342,POC,124000,2026-05-24,2026-01-29,U009
H01429,O0342,Closed Won,124000,2026-05-24,2026-05-24,U009
H01430,O0343,Discovery,111000,2026-11-08,2026-03-26,U003
H01431,O0343,Technical Validation,111000,2026-11-08,2026-04-08,U003
H01432,O0343,Technical Validation,111000,2026-12-08,2026-05-12,U003
H01433,O0343,Technical Validation,111000,2027-01-07,2026-05-12,U003
H01434,O0343,Closed Lost,111000,2026-10-07,2026-10-07,U003
H01435,O0344,Discovery,30000,2025-12-15,2025-06-28,U008
H01436,O0344,Discovery,30000,2026-01-14,2025-07-30,U008
H01437,O0344,Closed Lost,30000,2026-01-14,2026-01-14,U008
H01438,O0345,Discovery,173000,2027-04-02,2026-09-01,U009
H01439,O0345,Discovery,173000,2027-05-02,2026-09-26,U009
H01440,O0346,Discovery,69000,2025-11-16,2025-07-20,U015
H01441,O0346,Technical Validation,69000,2025-11-16,2025-08-23,U015
H01442,O0346,Closed Lost,69000,2025-11-16,2025-11-16,U015
H01443,O0347,Discovery,46000,2026-11-13,2026-04-30,U009
H01444,O0347,Closed Lost,46000,2026-10-07,2026-10-07,U009
H01445,O0348,Discovery,153000,2026-03-25,2025-11-01,U014
H01446,O0348,Technical Validation,153000,2026-03-25,2025-12-10,U014
H01447,O0348,POC,153000,2026-03-25,2026-01-09,U014
H01448,O0348,POC,153000,2026-04-24,2026-02-08,U014
H01449,O0348,Closed Lost,153000,2026-04-24,2026-04-24,U014
H01450,O0349,Discovery,50000,2026-03-29,2025-08-14,U003
H01451,O0349,Technical Validation,50000,2026-03-29,2025-09-21,U003
H01452,O0349,POC,50000,2026-03-29,2025-10-10,U003
H01453,O0349,Business Case,50000,2026-03-29,2025-10-22,U003
H01454,O0349,Negotiation/Procurement,50000,2026-03-29,2025-11-27,U003
H01455,O0349,Closed Lost,50000,2026-03-29,2026-03-29,U003
H01456,O0350,Discovery,85000,2027-04-05,2026-08-30,U008
H01457,O0350,Technical Validation,85000,2027-04-05,2026-09-22,U008
H01458,O0351,Discovery,131000,2027-02-07,2026-06-12,U009
H01459,O0351,Technical Validation,131000,2027-02-07,2026-07-07,U009
H01460,O0351,POC,131000,2027-02-07,2026-08-11,U009
H01461,O0351,Business Case,131000,2027-02-07,2026-09-19,U009
H01462,O0351,Closed Lost,131000,2026-10-07,2026-10-07,U009
H01463,O0352,Discovery,175000,2025-11-24,2025-05-28,U002
H01464,O0352,Closed Lost,175000,2025-11-24,2025-11-24,U002
H01465,O0353,Discovery,102000,2026-06-21,2026-02-04,U002
H01466,O0353,Technical Validation,102000,2026-06-21,2026-03-07,U002
H01467,O0353,POC,102000,2026-06-21,2026-04-07,U002
H01468,O0353,Closed Lost,102000,2026-06-21,2026-06-21,U002
H01469,O0354,Discovery,81000,2026-09-19,2026-05-05,U014
H01470,O0354,Technical Validation,81000,2026-09-19,2026-06-06,U014
H01471,O0354,Closed Lost,81000,2026-09-19,2026-09-19,U014
H01472,O0355,Discovery,77000,2026-03-19,2025-09-01,U003
H01473,O0355,Technical Validation,77000,2026-03-19,2025-09-14,U003
H01474,O0355,POC,77000,2026-03-19,2025-10-10,U003
H01475,O0355,Business Case,77000,2026-03-19,2025-10-31,U003
H01476,O0355,Negotiation/Procurement,77000,2026-03-19,2025-11-30,U003
H01477,O0355,Negotiation/Procurement,77000,2026-04-18,2025-12-11,U003
H01478,O0355,Negotiation/Procurement,77000,2026-05-18,2025-12-11,U003
H01479,O0355,Closed Won,77000,2026-05-18,2026-05-18,U003
H01480,O0356,Discovery,330000,2027-01-19,2026-09-04,U014
H01481,O0356,Technical Validation,330000,2027-01-19,2026-10-01,U014
H01482,O0357,Discovery,40000,2026-09-21,2026-03-30,U003
H01483,O0357,Technical Validation,40000,2026-09-21,2026-04-18,U003
H01484,O0357,POC,40000,2026-09-21,2026-05-12,U003
H01485,O0357,Business Case,40000,2026-09-21,2026-06-23,U003
H01486,O0357,Closed Lost,40000,2026-09-21,2026-09-21,U003
H01487,O0358,Discovery,65000,2025-10-16,2025-07-10,U009
H01488,O0358,Technical Validation,65000,2025-10-16,2025-07-24,U009
H01489,O0358,POC,65000,2025-10-16,2025-08-15,U009
H01490,O0358,Closed Lost,65000,2025-10-16,2025-10-16,U009
H01491,O0359,Discovery,96000,2027-01-18,2026-09-04,U014
H01492,O0359,Discovery,96000,2027-02-17,2026-10-05,U014
H01493,O0360,Discovery,95000,2026-05-12,2025-11-12,U003
H01494,O0360,Technical Validation,95000,2026-05-12,2025-12-14,U003
H01495,O0360,POC,95000,2026-05-12,2025-12-26,U003
H01496,O0360,Business Case,95000,2026-05-12,2026-01-13,U003
H01497,O0360,Closed Won,95000,2026-05-12,2026-05-12,U003
H01498,O0361,Discovery,165000,2026-10-31,2026-04-05,U003
H01499,O0361,Discovery,165000,2026-11-30,2026-04-25,U003
H01500,O0361,Discovery,165000,2026-12-30,2026-04-25,U003
H01501,O0361,Closed Lost,165000,2026-10-07,2026-10-07,U003
H01502,O0362,Discovery,55000,2026-02-17,2025-10-26,U003
H01503,O0362,Discovery,55000,2026-03-19,2025-11-27,U003
H01504,O0362,Closed Lost,55000,2026-03-19,2026-03-19,U003
H01505,O0363,Discovery,48000,2026-02-01,2025-08-04,U002
H01506,O0363,Technical Validation,48000,2026-02-01,2025-08-23,U002
H01507,O0363,POC,48000,2026-02-01,2025-09-08,U002
H01508,O0363,Business Case,48000,2026-02-01,2025-10-22,U002
H01509,O0363,Negotiation/Procurement,48000,2026-02-01,2025-11-19,U002
H01510,O0363,Negotiation/Procurement,48000,2026-03-03,2025-12-17,U002
H01511,O0363,Closed Lost,48000,2026-03-03,2026-03-03,U002
H01512,O0364,Discovery,102000,2026-10-15,2026-07-12,U015
H01513,O0365,Discovery,108000,2025-08-12,2025-05-14,U002
H01514,O0365,Technical Validation,108000,2025-08-12,2025-05-30,U002
H01515,O0365,POC,108000,2025-08-12,2025-07-05,U002
H01516,O0365,POC,108000,2025-09-11,2025-08-01,U002
H01517,O0365,Closed Lost,108000,2025-09-11,2025-09-11,U002
H01518,O0366,Discovery,69000,2026-06-28,2025-11-21,U009
H01519,O0366,Technical Validation,69000,2026-06-28,2025-12-21,U009
H01520,O0366,POC,69000,2026-06-28,2026-01-04,U009
H01521,O0366,Closed Lost,69000,2026-06-28,2026-06-28,U009
H01522,O0367,Discovery,347000,2026-05-06,2025-10-28,U003
H01523,O0367,Discovery,347000,2026-06-05,2025-11-11,U003
H01524,O0367,Discovery,347000,2026-07-05,2025-11-11,U003
H01525,O0367,Discovery,347000,2026-08-04,2025-11-11,U003
H01526,O0367,Closed Lost,347000,2026-08-04,2026-08-04,U003
H01527,O0368,Discovery,134000,2026-12-12,2026-09-05,U015
H01528,O0368,Technical Validation,134000,2026-12-12,2026-09-15,U015
H01529,O0368,Technical Validation,134000,2027-01-11,2026-10-08,U015
H01530,O0369,Discovery,70000,2026-11-26,2026-08-19,U015
H01531,O0369,Technical Validation,70000,2026-11-26,2026-09-09,U015
H01532,O0369,POC,70000,2026-11-26,2026-10-01,U015
H01533,O0370,Discovery,66000,2025-10-09,2025-04-20,U014
H01534,O0370,Technical Validation,66000,2025-10-09,2025-05-08,U014
H01535,O0370,POC,66000,2025-10-09,2025-06-17,U014
H01536,O0370,Business Case,66000,2025-10-09,2025-07-10,U014
H01537,O0370,Negotiation/Procurement,66000,2025-10-09,2025-08-24,U014
H01538,O0370,Closed Won,66000,2025-10-09,2025-10-09,U014
H01539,O0371,Discovery,148000,2025-11-21,2025-08-21,U003
H01540,O0371,Technical Validation,148000,2025-11-21,2025-09-07,U003
H01541,O0371,POC,148000,2025-11-21,2025-10-14,U003
H01542,O0371,Business Case,148000,2025-11-21,2025-11-02,U003
H01543,O0371,Closed Won,148000,2025-11-21,2025-11-21,U003
H01544,O0371,Negotiation/Procurement,148000,2025-11-21,2025-11-30,U003
H01545,O0372,Discovery,94000,2027-03-13,2026-08-14,U002
H01546,O0372,Technical Validation,94000,2027-03-13,2026-09-26,U002
H01547,O0372,Technical Validation,94000,2027-04-12,2026-10-08,U002
H01548,O0373,Discovery,91000,2026-11-07,2026-07-11,U014
H01549,O0373,Technical Validation,91000,2026-11-07,2026-07-27,U014
H01550,O0373,POC,91000,2026-11-07,2026-08-30,U014
H01551,O0373,Business Case,91000,2026-11-07,2026-10-01,U014
H01552,O0374,Discovery,125000,2025-12-21,2025-08-13,U003
H01553,O0374,Technical Validation,125000,2025-12-21,2025-09-14,U003
H01554,O0374,POC,125000,2025-12-21,2025-09-27,U003
H01555,O0374,Business Case,125000,2025-12-21,2025-10-19,U003
H01556,O0374,Business Case,125000,2026-01-20,2025-11-10,U003
H01557,O0374,Closed Won,125000,2026-01-20,2026-01-20,U003
H01558,O0375,Discovery,61000,2026-02-16,2025-10-08,U003
H01559,O0375,Technical Validation,61000,2026-02-16,2025-11-22,U003
H01560,O0375,POC,61000,2026-02-16,2025-12-09,U003
H01561,O0375,Business Case,61000,2026-02-16,2026-01-01,U003
H01562,O0375,Negotiation/Procurement,61000,2026-02-16,2026-01-27,U003
H01563,O0375,Closed Won,61000,2026-02-16,2026-02-16,U003
H01564,O0376,Discovery,71000,2025-12-23,2025-08-27,U015
H01565,O0376,Technical Validation,71000,2025-12-23,2025-09-13,U015
H01566,O0376,Technical Validation,71000,2026-01-22,2025-10-26,U015
H01567,O0376,Closed Lost,71000,2026-01-22,2026-01-22,U015
H01568,O0377,Discovery,51000,2026-12-12,2026-04-16,U008
H01569,O0377,Technical Validation,51000,2026-12-12,2026-05-21,U008
H01570,O0377,POC,51000,2026-12-12,2026-06-11,U008
H01571,O0377,Business Case,51000,2026-12-12,2026-07-10,U008
H01572,O0377,Negotiation/Procurement,51000,2026-12-12,2026-07-31,U008
H01573,O0377,Negotiation/Procurement,51000,2027-01-11,2026-09-05,U008
H01574,O0377,Negotiation/Procurement,51000,2027-02-10,2026-09-05,U008
H01575,O0377,Closed Lost,51000,2026-10-07,2026-10-07,U008
H01576,O0378,Discovery,107000,2026-02-02,2025-09-26,U009
H01577,O0378,Technical Validation,107000,2026-02-02,2025-10-13,U009
H01578,O0378,POC,107000,2026-02-02,2025-11-17,U009
H01579,O0378,POC,107000,2026-03-04,2025-12-03,U009
H01580,O0378,Closed Lost,107000,2026-03-04,2026-03-04,U009
H01581,O0379,Discovery,94000,2025-11-19,2025-04-16,U009
H01582,O0379,Technical Validation,94000,2025-11-19,2025-05-29,U009
H01583,O0379,POC,94000,2025-11-19,2025-06-17,U009
H01584,O0379,Business Case,94000,2025-11-19,2025-07-06,U009
H01585,O0379,Business Case,94000,2025-12-19,2025-08-04,U009
H01586,O0379,Closed Won,94000,2025-12-19,2025-12-19,U009
H01587,O0380,Discovery,59000,2027-02-28,2026-09-23,U002
H01588,O0381,Discovery,75000,2025-10-22,2025-05-04,U002
H01589,O0381,Technical Validation,75000,2025-10-22,2025-05-25,U002
H01590,O0381,POC,75000,2025-10-22,2025-06-11,U002
H01591,O0381,Business Case,75000,2025-10-22,2025-07-17,U002
H01592,O0381,Closed Won,75000,2025-10-22,2025-10-22,U002
H01593,O0382,Discovery,94000,2025-12-07,2025-04-30,U008
H01594,O0382,Technical Validation,94000,2025-12-07,2025-05-16,U008
H01595,O0382,POC,94000,2025-12-07,2025-06-15,U008
H01596,O0382,Business Case,94000,2025-12-07,2025-07-18,U008
H01597,O0382,Negotiation/Procurement,94000,2025-12-07,2025-08-12,U008
H01598,O0382,Negotiation/Procurement,94000,2026-01-06,2025-09-25,U008
H01599,O0382,Closed Lost,94000,2026-01-06,2026-01-06,U008
H01600,O0383,Discovery,99000,2025-07-21,2025-04-22,U009
H01601,O0383,Technical Validation,99000,2025-07-21,2025-05-14,U009
H01602,O0383,Closed Lost,99000,2025-07-21,2025-07-21,U009
H01603,O0384,Discovery,160000,2026-01-05,2025-09-29,U002
H01604,O0384,Technical Validation,160000,2026-01-05,2025-10-25,U002
H01605,O0384,Closed Lost,160000,2026-01-05,2026-01-05,U002
H01606,O0385,Discovery,100000,2025-12-03,2025-06-12,U015
H01607,O0385,Technical Validation,100000,2025-12-03,2025-06-29,U015
H01608,O0385,POC,100000,2025-12-03,2025-07-26,U015
H01609,O0385,Business Case,100000,2025-12-03,2025-08-08,U015
H01610,O0385,Negotiation/Procurement,100000,2025-12-03,2025-08-31,U015
H01611,O0385,Closed Won,100000,2025-12-03,2025-12-03,U015
H01612,O0386,Discovery,79000,2026-07-17,2026-03-31,U014
H01613,O0386,Technical Validation,79000,2026-07-17,2026-05-03,U014
H01614,O0386,POC,79000,2026-07-17,2026-06-08,U014
H01615,O0386,Closed Won,79000,2026-07-17,2026-07-17,U014
H01616,O0386,Business Case,79000,2026-07-17,2026-07-19,U014
H01617,O0387,Discovery,82000,2026-07-02,2025-11-26,U008
H01618,O0387,Closed Lost,82000,2026-07-02,2026-07-02,U008
H01619,O0388,Discovery,149000,2026-02-21,2025-09-09,U015
H01620,O0388,Technical Validation,149000,2026-02-21,2025-10-20,U015
H01621,O0388,POC,149000,2026-02-21,2025-11-21,U015
H01622,O0388,POC,149000,2026-03-23,2025-12-24,U015
H01623,O0388,POC,149000,2026-04-22,2025-12-24,U015
H01624,O0388,Closed Lost,149000,2026-04-22,2026-04-22,U015
H01625,O0389,Discovery,132000,2025-09-28,2025-06-13,U008
H01626,O0389,Closed Lost,132000,2025-09-28,2025-09-28,U008
H01627,O0390,Discovery,164000,2027-02-26,2026-07-19,U003
H01628,O0390,Technical Validation,164000,2027-02-26,2026-08-19,U003
H01629,O0390,POC,164000,2027-02-26,2026-10-03,U003
H01630,O0390,Closed Lost,164000,2026-10-07,2026-10-07,U003
H01631,O0390,POC,164000,2027-03-28,2026-10-08,U003
H01632,O0391,Discovery,52000,2026-07-22,2025-12-21,U008
H01633,O0391,Technical Validation,52000,2026-07-22,2026-01-21,U008
H01634,O0391,POC,52000,2026-07-22,2026-03-05,U008
H01635,O0391,Business Case,52000,2026-07-22,2026-03-26,U008
H01636,O0391,Closed Won,52000,2026-07-22,2026-07-22,U008
H01637,O0392,Discovery,186000,2025-10-12,2025-04-15,U003
H01638,O0392,Technical Validation,186000,2025-10-12,2025-05-27,U003
H01639,O0392,POC,186000,2025-10-12,2025-06-23,U003
H01640,O0392,POC,186000,2025-11-11,2025-07-20,U003
H01641,O0392,Closed Lost,186000,2025-11-11,2025-11-11,U003
H01642,O0393,Discovery,93000,2025-11-14,2025-07-20,U008
H01643,O0393,Technical Validation,93000,2025-11-14,2025-08-01,U008
H01644,O0393,POC,93000,2025-11-14,2025-08-27,U008
H01645,O0393,Business Case,93000,2025-11-14,2025-10-03,U008
H01646,O0393,Negotiation/Procurement,93000,2025-11-14,2025-11-05,U008
H01647,O0393,Closed Won,93000,2025-11-14,2025-11-14,U008
H01648,O0394,Discovery,34000,2026-06-11,2026-01-12,U015
H01649,O0394,Discovery,34000,2026-07-11,2026-02-24,U015
H01650,O0394,Discovery,34000,2026-08-10,2026-02-24,U015
H01651,O0394,Closed Lost,34000,2026-08-10,2026-08-10,U015
H01652,O0395,Discovery,89000,2026-02-08,2025-08-13,U002
H01653,O0395,Discovery,89000,2026-03-10,2025-08-30,U002
H01654,O0395,Discovery,89000,2026-04-09,2025-08-30,U002
H01655,O0395,Closed Lost,89000,2026-04-09,2026-04-09,U002
H01656,O0396,Discovery,93000,2025-10-31,2025-07-11,U003
H01657,O0396,Closed Lost,93000,2025-10-31,2025-10-31,U003
H01658,O0397,Discovery,159000,2025-10-03,2025-06-29,U003
H01659,O0397,Technical Validation,159000,2025-10-03,2025-07-21,U003
H01660,O0397,POC,159000,2025-10-03,2025-08-18,U003
H01661,O0397,Business Case,159000,2025-10-03,2025-08-29,U003
H01662,O0397,Business Case,159000,2025-11-02,2025-10-06,U003
H01663,O0397,Business Case,159000,2025-12-02,2025-10-06,U003
H01664,O0397,Closed Won,159000,2025-12-02,2025-12-02,U003
H01665,O0398,Discovery,162000,2026-09-11,2026-05-17,U015
H01666,O0398,Technical Validation,162000,2026-09-11,2026-07-01,U015
H01667,O0398,POC,162000,2026-09-11,2026-08-09,U015
H01668,O0398,POC,162000,2026-10-11,2026-08-31,U015
H01669,O0398,POC,162000,2026-11-10,2026-08-31,U015
H01670,O0398,POC,162000,2026-12-10,2026-08-31,U015
H01671,O0399,Discovery,173000,2027-01-02,2026-09-03,U003
H01672,O0399,Technical Validation,173000,2027-01-02,2026-09-22,U003
H01673,O0399,Technical Validation,173000,2027-02-01,2026-10-08,U003
H01674,O0399,Technical Validation,173000,2027-03-03,2026-10-08,U003
H01675,O0400,Discovery,153000,2025-12-12,2025-08-31,U009
H01676,O0400,Technical Validation,153000,2025-12-12,2025-09-24,U009
H01677,O0400,POC,153000,2025-12-12,2025-10-11,U009
H01678,O0400,Business Case,153000,2025-12-12,2025-11-15,U009
H01679,O0400,Negotiation/Procurement,153000,2025-12-12,2025-12-02,U009
H01680,O0400,Negotiation/Procurement,153000,2026-01-11,2025-12-14,U009
H01681,O0400,Negotiation/Procurement,153000,2026-02-10,2025-12-14,U009
H01682,O0400,Closed Won,153000,2026-02-10,2026-02-10,U009
